leader_name,tid,message_title,label1,label2,message_date,message_time,message_content
从化区委书记,12558985,宵夜档和烧烤档半夜噪声扰民,环保,投诉,2022-01-08,21:20,你好！首先谢谢政府有这么好的平台让普通市民有可投诉的地方。谢谢！1、楼下的宵夜档晚上九点以后长期占道经营，食客说话很大声，严重扰民，经营时间甚至达到零晨三、四点后。(以上宵夜档已经营多年！)2、每晚半夜的时候公路两边停满食客的车辆，严重影响交通安全！3、对面的烧烤店亦都是存在同样的情况。特别是那个油烟！4、希望规范经营行为，为周围居民创造一个良好的生活环境！                                    谢谢
从化区委书记,12472716,从化区求学圆梦培训机构虚假宣传诱导消费,教育,投诉,2022-01-04,17:18,我于2020/6月，在求学圆梦自考培训中心的恒企教育报名了自考大专，工作人员暗示只要参加考试不交白卷就可以通过，并诱导我办分期，实际并不是他们平台的分期，而是给我办理了网贷，为了赚钱无下限，并告诉我这期不办后面考试难度加大，费用增加，增加紧迫感，报名后除了班主任群发的几条消息，根本感受不到他们的存在，近一年也并没有看视频，跟他们沟通退款被拒，无奈求得贵平台帮助，诉求是扣除相应违约金，退剩余报名费
从化区委书记,12365024,要工资,企业,投诉,2021-12-26,14:02,本人于2021年10月5号至11月20号（挖机360一台和机械操作手一名）在广州市从化区明珠工业园区给深圳市源创发展投资工程有限公司干活，共计工资72000元，公司拖欠工资到现在都没有发放给我，1882979xxx项目负责人电话，王x才。每次去要工资都是公司负责人王x才出来一天推一天的忽悠，至今一分钱未拿到，请政府帮助给予处理，谢谢！
从化区委书记,12351593,旧小区霸占公共停车位收费,治安,投诉,2021-12-24,09:31,没有物业的旧小区，停车位本来就不够，有人用雪糕桶霸占了大部分车位出租，还有一部分人用摩托车长期占位的。霸位收费的没有土地使用证也没有工商营业了。有向居委反映和报警，最后都是踢皮球，不了了知。地址广州市从化区城郊街道关围新村
从化区委书记,12323454,减速带噪音扰民,交通,投诉,2021-12-22,13:00,从化江埔街从城大道和沿江南路交汇处路段新增加了几条减速带，车辆通过时声音很大，特别是大型车辆通过时感觉跟铁轨一样，严重影响附近居民的休息和生活。希望取消减速带，改用限速拍照、提示牌和警示灯等措施。
从化区委书记,12317713,关于从化区街口街荔香村商户噪音问题,环保,投诉,2021-12-21,17:55,尊敬的领导，您好！本人居住在广州市从化区街口街荔香村楼上住户，多年来受到商业街商户，从早到晚音响噪音。
从化区委书记,12267833,珠江国际城宣传规划长年不落实,城建,投诉,2021-12-17,17:13,从化珠江国际城一直宣传为商业大城，教育大城，20年6月份我们购房时销售宣传是20年底壹悦广场开业，21年中学开建，现在一年半过去了，所有宣传未见落实，甚至传出宣传的中学地块并不是教育用地，根本无法建设中学。
从化区委书记,12225793,居民区酒吧噪音扰民，不堪其扰,环保,投诉,2021-12-12,11:02,您好，位于从化区江埔街商贸城南区的某酒吧每日都开业到半夜一两点，周五周六周日晚上更是营业到天亮 而且噪音让人无法入眠 几年内曾多次报警及寻找环保局 仍然没任何作用 请问两个问题 1. 工商部门为何允许酒吧在居民区营业 并且营业到半夜四五点 2.即使工商部门颁发营业执照 那么半夜两三点大声喧哗 猜码 是否应罚款并责令改正？希望有关部门能及时调查 以下附上半夜三点拍摄照片
从化区委书记,12209250,时代印象车位捆绑销售且未按照约定时间退款,城建,投诉,2021-12-12,10:39,本人购买了广州市从化区太平镇时代印象（时代文悦花园），现投诉购房必须捆绑销售车位。因捆绑销售，购房时迫于无奈，缴纳首期及第二期车位费用人民币共5万余元。但开发商出售的车位没有预售许可证，无网签属于私下交易，无签署认购书，不符合国家相关制度。2021年10月5日，本人书面提出申请并签订退款申请书，开发商承诺在45个工作日退还所有车位款项，但截止目前没有兑现任何退款承诺。以上，烦请各级领导介入处理，非常感谢。
从化区委书记,12209125,太平时代印象违法销售停车位，拒不退款,城建,投诉,2021-12-12,10:26,该楼盘位于太平镇，2020年9月25日进行预售房屋时捆绑销售车位，该楼盘所有车位暂未取得产权。到2021年9月25日缴纳第二期车位款时，销售给不出合理解释时，我采取12345进行投诉，后面接到该楼盘梁姓经理电话，要求我们撤销投诉，同意办理车位退款手续。2021年10月8日我们去到该楼盘销售中心办理手续时，被迫同意他们45个工作日内退款的无理要求。到今天2021年12月9日为止，已经严重超出45工作日时，我们仍然没有收到车位的退款。
从化区委书记,12222174,从化城区凤仪东路两侧三楼居民乱建乱搭。,城建,投诉,2021-12-12,09:25,从化城区凤仪东路两侧三楼居民乱建乱搭（特别是三巷1栋西梯3**和4**两户）非常严重，不但影响市容环境，还会容易造成治安案件和防火安全的问题。从化城区凤仪东路曾经是从化的示范道路，多年前曾经彻底清拆过违建一次，道路两侧三楼居民大多配合整治。但近三年，有死灰复燃的势头，而且搭建越来越严重，希望有关部门能够拿出当年的力度和信心再一次整治，体现执政为民的作风。
从化区委书记,12192643,建议在公共场所设置AED,医疗,建言,2021-12-09,11:24,目前增城区在各大公交站场及公共场所都已经设置了AED（自动体外除颤器），而从化只有14号线的5座车站设置了AED，还未覆盖至更多人流密集场所，因此建议能在吕田、良口、鳌头等公交站场及各大高校、中小学、主要商圈（如新世纪广场、华润、西街市场）、各个墟镇、政务服务中心等人流密集场所设置AED，这对人民的生命安全将起到至关重要的作用。
从化区委书记,12173597,投诉时代印象无预售证销售车位，非法捆绑销售,企业,投诉,2021-12-07,14:59,本人购买了广州市从化区太平镇时代印象楼盘(时代文悦花园)房子，现投诉其购房必须捆绑销售 车位的违规行为。因捆绑销售，购房时迫于无奈签署车位   预认购书及缴纳首期车位费用。经查询，出售的车位没有预售许可证，没有网签属于私下交易，且签署预认书后，时代印象售楼部没有盖章，也没有给我一份。诉求：要求退车位费一期31302元。国家住建部在2016年就颁布了相关法规，严厉禁止捆绑销售或者 附加条件等限定方式，未取得预售许可证销售车位属于违规操作，时代印象楼盘公然违规，采取先收取客户为住房付的诚意金8万，待刷卡交了8万之后才告诉客户，8万里面有1万是车位定金，在交定金之前，对车位之事只字不提，客户被迫签下所谓的预认购书，这个操作，多位被迫签下车位预认购书的时代印象业主都可以作证。鉴于此，本次诉求要求时代印象退回我支付的第一期车位款项：31302元。时代印象捆绑车位销售，本人被迫签下的车位分三期付款：第一期30302元（已交），第二期31303元（2021年11月28日前缴纳）第三期62605元（收楼后半年内2022年年底），据我所知，已有多位业主组织维权，要求退车位，小市民生活不易，上有老下有小，恳请领导们严查开发商不法行为，为小市民做主。谢谢！
从化区委书记,12149231,噪音污染,城建,求助,2021-12-05,00:06,从化太平卫雅口腔门诊后门的定制加工厂，周一到周日都开工，作为老住宅区这边住的民众多，老人家也多；直接打开大门无格挡施工对周边民众很大的困扰，希望可以疏导。
从化区委书记,12143968,关于从501路迟迟不延伸,交通,投诉,2021-12-04,23:59,目前吕田三村去地派镇搭车只有一条从501路，但这辆公交车只到大陂，不到地派墟，而且距离有五公里，非常不方便，延伸有这几个好处1.可以使乘坐这条线路来回两镇的居民免受日晒雨淋之苦2.通过票价优势打击当地非法营运车辆3.这将是广州与惠州之间的第一条跨市线路，也标志着广州市的11个行政区均开通有跨市线路，开通意义重大。所以建议延长多几公里方便两地群众出行，促进两地发展
从化区委书记,12142282,投诉时代印象无预售证销售车位，非法捆绑销售,企业,投诉,2021-12-04,23:55,本人购买了广州市从化区太平镇时代印象楼盘（时代文悦花园），现投诉其购房必须捆绑销售车位的违规行为。因捆绑销售，购房时迫于无奈签署车位认购书及缴纳首期车位费用。经查询，出售的车位没有预售许可证，没有网签属于私下交易，且签署认购书后并没有给我。要求退车位一期30051.5元本人购买了广州市从化区太平镇时代印象楼盘（时代文悦花园），现投诉其购房必须捆绑销售车位的违规行为。因捆绑销售，购房时迫于无奈签署车位认购书及缴纳首期车位费用。经查询，出售的车位没有预售许可证，没有网签属于私下交易，且签署认购书后并没有给我。2016年，国家住建部颁布相关法规禁止捆绑搭售或者附加条件等限定方式，未取得预售许可证销售车位属不正当经营。鉴于此，本次诉求退回我支付的相关费用。1 诉求内容：本人购买了广州市从化区太平镇时代印象楼盘（时代文悦花园），现投诉其购房必须捆绑销售车位的违规行为。因捆绑销售，购房时迫于无奈签署车位认购书及缴纳首期车位费用。经查询，出售的车位没有预售许可证，没有网签属于私下交易，且签署认购书后并没有给我。2016年，国家住建部颁布相关法规禁止捆绑搭售或者附加条件等限定方式，未取得预售许可证销售车位属不正当经营。鉴于此，本次诉求退回我支付的相关费用。1、时代在广州市内多个楼盘绑定车位卖房，公开违背国家住建部颁布的相关规定；2、开盘时捆绑车位销售，车位价格在10万~16.3万不等，车位分三期付款：第一期30051.5元，第二期30051.5元（2121年11月30日前缴纳），第三期尾款60103元（收楼后缴纳）；
从化区委书记,12111080,劳动监察不依法行政，劳动者维权太难,就业,投诉,2021-12-02,11:03,本人在从化四季花城工地上班，用人单位不支付加班费，向劳动监察大队投诉，劳动监察不依法行政，劳动者权益得不到保障。
从化区委书记,12118972,从化龙涛学校克扣10%订书费,教育,投诉,2021-12-01,17:10,我两个外甥就读从化龙涛学院读小学，交了下半学期的订书费。由于姐夫重病，资金紧张。小孩转回老家读书了！由于急于回去办理入学，没有及时去退！今天我去退费  ，每个小孩当时交的500元订书费，现在一共退了900！
从化区委书记,12057886,中石化温泉加油站实际罐容与危险化学品经营许可,城建,咨询,2021-11-27,09:18,温泉加油站实际在用汽油罐25立方米2个，柴油罐25立方米1个，危险化学品经营许可证上批准为汽油罐20立方米3个，柴油罐20立方米1个。请依法处理，停业整顿，完善手续
从化区委书记,11981945,从化12路公交车过站不停,交通,投诉,2021-11-20,13:16,2021年10月18日中午11点55分，我在牛眠公交站等从从化汽车站开往吕田方向的12路公交车，12路车经过牛眠公交站不停站。原本12路车的车次间隔已经是20分钟一趟了，过站不停，又要等上几十分钟，对乘客出行造成不便。平时12路车一般都要乘客要求下车，司机才停站开门，一些外地的游客不清楚这个情况，常常坐过站，希望12路车能站站停，方便市民出行。
从化区委书记,11969005,从化区珠江壹城国际城开发商消极对待房屋维修,城建,求助,2021-11-19,10:03,尊敬的领导：       您好！我是一位在粤打拼的上进年轻人，靠自己的努力在深圳和广州购置房产，2020年经过多方考察，非常看好从化的发展和认可从化区政府的管理能力，于是在从化区珠江壹城国际城购置一套房产，并于在2021年10月30日到广州市从化区珠江壹城国际城收楼，结果装修质量很差，验房验出70多出大小问题，最严重的是主卧有1面墙是斜的，开发商工作人员要求我们签署收房协议书，并承诺半个月内解决这些问题，经过多次沟通协商，时至今日开发商一直在拖延维修进度，导致我们的房子无法进行正常的软装，因我个人在深圳工作，无法每日前往从化区珠江壹城督促开发商加快维修进度，在此向从化区政府领导求助，帮助一个无助的年轻人，感谢领导百忙之中看到我的求助。
从化区委书记,11942612,人行道上的安全隐患,城建,建言,2021-11-15,13:28,从化太平地铁站A口至大城云山路段（另：该地铁口至东方夏拿弯也是)，存在下述问题：1.有路段人行道缺失，需走机动车道（存在较大交通安全隐患);2.盲道上存在障碍物（盲人行走不便);3.路面不平整（平时老人及轮椅人士出行存在隐患);4.旁杂草丛生特别是春夏两季（有毒蛇的话行人很难及时发现);5.雨天旁边黄泥水会漫上部分人行道，导致无法行走;6.部分路段绿化树枝叶茂盛，夜晚影响路灯采光（出行存在隐患);7.地铁高架桥部分在该桥段部分隔音玻璃破损，噪声非常刺耳，同地铁高架桥，深圳地铁3号线高架桥横岗段已通车10年，也没有那么大的噪声，广州14线才通车不到三年，太平路段噪声越来越大，是否存在铁轨松动或不平整的状况（噪声会对行人及周边居民造成听力下降的安全隐患)。上述等情况，建议重新规整该路段人行道，同时也建议举一反三，对广从路周边的人行道及地铁高架桥段噪声做一次全面的隐患排查，规避安全风险，以上谢谢！
从化区委书记,11891993,太平地铁站B口南向楼梯,交通,建言,2021-11-11,15:00,太平地铁站B口，为什么不设置南向出入口？无论方便人流出入，周边交通安全都百利无一害，一个北向出口仅仅方便一个小区，让周边开发区百姓情何以堪？
从化区委书记,11900240,大学校园疫情常态化管控只是简单实行封校政策？,教育,咨询,2021-11-10,17:18,现在广州全市均已进入疫情常态化管控阶段，各行各业均已恢复正常运营，而在从化区某高校仍然实行封闭管理，并且只封闭学生，对于教职工则正常出入，学生要出校则需要走一系列繁琐的申请手续。而在广州市其他各区高校均已开放校门，为什么只有从化区还这么简单粗暴实行封校政策。
从化区委书记,11883703,关于2020年泰国跟团游被骗购买佛牌投诉至今无果,旅游,求助,2021-11-09,17:06,本人于2020年3月份投诉了广州南湖粤途国际有限公司（诉讼详细内容在附件中）当时从化文广旅体局旅游科于3月19日调解，该店经理经过和计调沟通同意退货退款，但直今一直以总部国际部因疫情借口没复工，无法解决，佛牌我也没退成，钱也就一直退不了，那现在国旅还在，要是倒闭了不是更拿不回了吗，39000块的泰珠在2021年汇率将近1万人民币啊，现在的汇率兑换才7500，如今即使同意扣掉这15％，也拿不回钱，因为疫情我也理旅行社的难处，但这不该由消费者买单呀，请求区委书记帮忙处理，感谢！
从化区委书记,11854245,广东温泉宾馆拖欠工资，加班费及劳务费,就业,投诉,2021-11-07,17:21,我是一名军人家属，于2021年3月25日入职广东温泉宾馆翠溪泳馆工作，8月31号办理离职手续，6月工资未发 7月无故扣发工资 每月没有发放加班费和教学劳务费用，多次向宾馆领导请求发放都不予理会，请求区领导为民做主，拿回劳动报酬。
从化区委书记,11835662,不支付加班费、不依法参缴社保,就业,投诉,2021-11-05,19:03,本人于2021年3月10日入职深圳展鸿建筑工程劳务有限公司驻广州从化四季花城工地预算员岗位上班，因该公司没有签订劳动合同，不及时支付工资、不依法参缴社保（拖欠工资），5月20日通过微信向该公司及领导发出因被严重拖欠工资等原因被迫解除劳动关系通知后离职，上班期间被要求每天（休息日、法定节假日上班）都上班，离职后仅支付正常工作日工资且不支付休息日、法定节假日加班费，及不依法参缴社保及公积金。
从化区委书记,11827531,碧桂园荔山雅筑幼儿园开班,教育,投诉,2021-11-05,16:27,尊敬的从化区教育局领导，你们好！我是从化区街口街逸泉社区【碧桂园荔山雅筑】小区的居民，目前小区最早一批已经交付业主5年有余，购房初期开发商宣传小区配套【幼儿园】迟迟未开办，迫使我小区业主家中适龄儿童需要到附近就读昂贵的私立幼儿园。据悉开发商称目前幼儿园产权已经移交给从化区教育局，请问目前小区幼儿园何时幼儿园开办招生，何时能解决本小区及周边居民的上学难问题？感谢政府部门领导能审核查看。希望贵部能够重视，加快推进碧桂园荔山雅筑幼儿园开办进度。全体碧桂园荔山雅筑小区业主，目前幼儿园开发商已建成5年，并已移交从化教育局，希望领导能解答群众们何时能够开办幼儿园，毕竟已有5年之久了，感谢政府领导能审核查看。
从化区委书记,11826651,荔山雅筑幼儿园何时落实开办,教育,咨询,2021-11-05,15:26,你们好！我是从化区街口街逸泉社区【碧桂园荔山雅筑】小区的居民，目前小区最早一批已经交付业主5年有余，购房初期开发商宣传小区配套【幼儿园】迟迟未开办，迫使我小区业主家中适龄儿童需要到附近就读昂贵的私立幼儿园。据悉开发商称目前幼儿园产权已经移交给从化区教育局，请问目前小区幼儿园何时幼儿园开办招生，何时能解决本小区及周边居民的上学难问题，希望能够重视，加快推进碧桂园荔山雅筑幼儿园开办进度。
从化区委书记,11804105,拖欠农民工工资拒不支付,就业,求助,2021-11-01,21:42,本人于2021年3月带领手下施工队，到广州从化区明珠工业园（苏宁华南绿色冷链一期）做现浇楼面精平收光，于2021年6月撤场，我与甲方多次沟通，甲方再三推脱，迟迟不肯付我们的农民工工资，望领导理解我们农民工的不易，帮我们解决问题。
从化区委书记,11792641,地铁问题,城建,咨询,2021-11-01,09:55,区委书记你好，广州地铁42号线什么时候开始建设，什么时候开通，这是从化1号线，没有给出具体时间，能详细地说下吗？ 站点能详细吗？等了很长时间都没什么消息
从化区委书记,11769404,惠清高速拖欠挖掘机工资,交通,求助,2021-10-31,18:47,2020年8-9月份在惠清高速从化段 良口少沙管理中心  惠清高速和大广高速互通绿化带种树说好完工结算工资的 已经至今还未结清工资 打电话都是敷衍了事  是在没有办法了  望地方领导帮忙 谢谢
从化区委书记,11769044,对鳌头镇公交线路的两点建议,交通,建言,2021-10-31,18:33,1.建议从404路延伸至花都梯面联民村      目前从404的终点站“氹迳”距离花都区区界只有100m，距离梯面镇中心只有5km，虽然据了解每天有6班（花都-佛冈）班车经过（氹迳-联民村）这一段真空带，但是在2021.9据鳌头和高平的居民反映，该班车并不会在沿途上落客。氹迳位于一处洗车场附近，场地狭窄，而梯面联民村拥有一个设施齐全的站场，十分适宜停靠，又可以换乘花17路前往梯面和花都区其他地方，如果C404延长，从鳌头到花都经从404和花17较绕道街口和太平距离短3倍以上，可以节省不少时间和车资。2.建议从10可以效仿从5开设部分班次前往佛冈龙山       当前从10路的终点站“长岭”距离佛冈龙山只有2km，并且有不少来自龙山的摩的在长岭等客，2021.10.21在实地观察一段时间后，发现基本每一班从10路到达长岭后都会有乘客换乘摩的往佛冈方向行驶，可见有这个需求，但是摩的的安全性差，G355大车又多不安全，而原有的替代方案（从化-佛冈）非高速班车在最近停运，因此建议可以效仿从5路，从10路可以开设部分班次延长到龙山车站，而龙山车站又可以接驳佛冈10路和佛冈20路，延长可以大大方便两地居民出行。
从化区委书记,11776843,企业用工地址与注册地址不符,企业,投诉,2021-10-30,19:40,1.举报：该公司企业注册地址在从化区，实际地址却是在白云区2.公司名称：广州市从化区求学圆梦自考培训中心有限公司3.用工单位地址（实际用工地址）：广东省广州市白云区永泰永平街道泰兴路4号恒企大厦A栋3楼4.用工单位注册地址：广东省广州市从化区江埔街河东北路一巷1号五楼根据《公司法》第二百一十二条：公司登记事项发生变更时，未依照本法规定办理有关变更登记的，由公司登记机关责令限期登记，请重视
从化区委书记,11748885,投诉时代印象无预售证销售车位，非法捆绑销售,企业,投诉,2021-10-27,22:27,诉求内容：本人购买了广州市从化区太平镇时代印象楼盘（时代文悦花园），现投诉其购房必须捆绑销售车位的违规行为。因捆绑销售，购房时迫于无奈签署车位认购书及缴纳首期车位费用。经查询，出售的车位没有预售许可证，没有网签属于私下交易，且签署认购书后并没有给我。2016年，国家住建部颁布相关法规禁止捆绑搭售或者附加条件等限定方式，未取得预售许可证销售车位属不正当经营。鉴于此，本次诉求退回我支付的相关费用。1 诉求内容：本人购买了广州市从化区太平镇时代印象楼盘（时代文悦花园），现投诉其购房必须捆绑销售车位的违规行为。因捆绑销售，购房时迫于无奈签署车位认购书及缴纳首期车位费用。经查询，出售的车位没有预售许可证，没有网签属于私下交易，且签署认购书后并没有给我。2016年，国家住建部颁布相关法规禁止捆绑搭售或者附加条件等限定方式，未取得预售许可证销售车位属不正当经营。鉴于此，本次诉求退回我支付的相关费用。1、时代在广州市内多个楼盘绑定车位卖房，公开违背国家住建部颁布的相关规定；2、开盘时捆绑车位销售，车位价格在10万~16.3万不等，车位分三期付款：第一期31302元，第二期31302（2121年11月21日前缴纳），第三期尾款（收楼后半年内缴纳2022年11月底）；3、已有业主组织维权，要求退车位，恳请领导严查。
从化区委书记,11724067,德堡花苑9幢3梯增设电梯违规审批,城建,投诉,2021-10-26,16:23,从化区蓝田西路一巷德堡花苑9栋3梯进行增设电梯工程，占用了11栋的消防通道，此通道也是11栋唯一出入口，将留下安全隐患。这种埋下安全隐患的工程，广州市规划和自然资源局从化区分局居然接受了9栋的申请并将该工程进行到了批前公示的步骤，这其中是否存在未正确履职的问题？请相关部门停止9栋3梯增设电梯工程审批。
从化区委书记,11722487,太平地铁A出口公交站往从化方向人行道垃圾成堆,环保,求助,2021-10-25,21:29,太平镇太平地铁A出口太平地铁公交站往从化方向30米路口前面5米人行道垃圾成堆发臭以及阻碍人行走，以前有两个大的垃圾桶，后来撤走了，但是这几个月没有垃圾桶村民依然按以往的习惯扔垃圾到哪，现麻烦重新投放两个大的垃圾桶到哪
从化区委书记,11719685,某学校封校不解封,教育,求助,2021-10-25,15:58,教职工进出学校是因为个人需求，那么学生同样也有个人需求。要封闭就一起封闭，不要区别对待，假闭环就是形式主义。
从化区委书记,11714136,太源路3处路灯故障，彻夜闪烁扰民,城建,投诉,2021-10-25,15:54,从化区太平镇太源路（云星钱隆天誉后门处）有3个路灯损坏严重，夜晚一直闪烁，影响居民正常休息，望家里修复故障路灯
从化区委书记,11679355,广州软件学院不解封,教育,求助,2021-10-21,10:51,广州软件大学还没有解封，但是广州大部分高校已经解封
从化区委书记,11672056,广州华软软件大学不解封,教育,求助,2021-10-20,20:18,广州软件大学到现在还不解封，学校饭堂天天满人，大部分学生吃不上饭，从化其他高校早已解封
从化区委书记,11643850,92年教师无法享受国家社保福利待遇,政务,求助,2021-10-17,18:07,92年在从化区工作的下乡教师，无法享受国家给予的社保福利待遇，区教育局称需要当时学校开具的工资条，但区教育局称并非教育局聘请的教师，是学校聘请的教师为由拒绝开具工资条，学校方面已经开具了工作证明，唯独缺少工资条这一资料，这个工资条已经处理了6年，但一直无果，希望区政府能协助处理下#办实事（急难愁盼问题征集）#
从化区委书记,11638106,拖欠农民工工资,就业,求助,2021-10-17,10:55,事发于从化区共青路，项目名称云谷筑梦，拖欠农民工工资，完成至今没下落，工资没有发拖来拖去，望领导帮帮忙处理，感谢！
从化区委书记,11627241,请求帮助解决南湖国旅旅游卡问题,旅游,求助,2021-10-16,21:18,本人于一九年在南湖国旅从化店购买了两万元该公司的旅游卡，并报团印度游五千多元，刚好疫情去不了，该社不退钱，只退旅游卡，旅游卡又增加至两万五千多元。后来去了几次旅游使用了几次卡，现在剩下的旅游卡款一万六千一百五十五。恳请帮我解决，退还卡中金额。
从化区委书记,11615373,广东省工伤认定网站无法提交信息,就业,投诉,2021-10-16,13:50,广东省统一业务受理系统（个人版）工伤认定申请网站提交信息显示“提示信息：异常信息：null”，无法提交信息，网上明确清楚的说了可以网上认定，然而广州市从化区人社局工作人员反馈只能现场认定，过于局限。为在当地参保但是工作地点偏远的员工带来很大的不便，恳请改善网站的相关bug，方便广大市民。
从化区委书记,11579672,国庆后高校还需进行封闭式管理吗？,教育,咨询,2021-10-11,16:55,尊敬的领导您好:  本人是从化某高校学生，自秋季开学以来，校方一直声称学校以属地管理为原则，处于封闭式管理，非法定节假日，学生只进不出，教职员工则能随意出入，包括周六日学生也不得自由进出学校。但从化片区已处于低风险地区，我想知道地方防疫工作是否有相关要求？若没有，能否督促其尽快纠正？
从化区委书记,11571329,广从路太平地铁站到水南村公交站那段路灯不开,治安,求助,2021-10-10,19:35,现在这几天路灯都不开，是什么原因，夜晚一片乌黑以及广从路也是经常不开路灯，有时候只是一段路开
从化区委书记,11540263,在从化小院流溪小区门口增加地铁站点,交通,建言,2021-10-07,20:53,我是从化小院流溪的业主（沙贝村），14号地铁已经开通了，赤草站点离我们的小区2公里，当初售楼销售跟我们说是15分钟的路程，但现在我们步行需要45分钟，这2公里的路程经常要花20元不等的的士车费，赤草站至从化客运站的距离是7.6公里，这么长的距离也没有考虑我们中间距离的居民，5号公交车离小区路口还有一段距离，而且等车的时间还比较长，有时候还不停站，当初从化有很多长途大巴车水马龙，披星戴月，行云流水，扬手即停，很方便，现在根本看不到长途大巴，我们小区居民出入很不方便，不敢早出、也不敢晚归，小区像一个死城.开发10年啦，还是人迹稀少，令购买这里房子的业主好寒心，我建议是不是在沙贝村增设地铁站点，以后有37号地铁是不是可以在沙贝村加一个地铁站点，或有轨电车也把我们小区纳入规划中，望贵区领导是否可以考虑一下我的建议，解决我们小区居民出行交通的大问题，无比期待和感激区领导的帮助！
从化区委书记,11521112,从化太平镇开发区企业偷排废气,企业,投诉,2021-10-04,13:22,近段时间从化太平镇开发区里的企业又开始每日每夜的偷排废气，严重影响附近居民身心健康，希望有关部门领导重视。
从化区委书记,11519432,城郊时代明苑私占业主公共收益,城建,投诉,2021-10-04,12:56,1、业主车辆占园区消防道路，用做收益，但没有公示。2、垃圾分类没有人站桶。3、园区的快递柜、农夫山泉、小黄狗等收益占用，没用到园区方面。4、存在乱收费现象，每户业主交了一百多元的监控安装费。5、每个月交管理费，只有门口的保安和拖楼层的保洁人员，其他的没有见到其他员工。
从化区委书记,11518327,2021国庆有公司无视国家法律规定通知放假,就业,投诉,2021-10-03,23:02,附件所在公司长期不根据劳动法规定放假，法定假如也不按规定支付给员工工资。这种行为长期存在。当地劳动监察大队也没有查处这些不法行为，给这家公司的经营者助长了这一行为。请上级领导多普法，多关心下基层老百姓的利益。谢谢。
从化区委书记,11498302,求学圆梦自考培训中心的恒企教育虚假宣传招生,教育,投诉,2021-10-02,11:01,投诉广州市从化区求学圆梦自考培训中心有限公司，我去年4月报名他们的自考培训，当时销售虚假承诺我这个不用考学位证书，欺骗我报了名交了4880元培训费，并且在他们指导下办了分期贷款。今天班主任才告知我要申请学位证书需要重新交钱考试，当时销售明确承诺我报的课程是有学位证书的。我现在需要该公司就此事给我一个合理的解决办法；并且对我给予相应的补偿和道歉。
从化区委书记,11496832,华农珠江学院电信校园网存在欺骗和捆绑消费,教育,投诉,2021-10-02,10:06,1.中国电信以断网为机让学生升级网络套餐。八月开学回校，学校通知学生校园网络需在现场“实名认证”，但实质是中国电信引导学生办理网络升级套餐，当时网络并未过期，学生因不能上网被迫在现场购买网络升级套餐。2.中国电信存在欺骗消费。购买120元3个月升速为50m的套餐后，事后学生测速仍然10m。3.中国电信存在捆绑消费。中国电信再次以断网方式，让学生到网络中心现场领取和注册升速套餐送的电话卡，才能恢复wifi网络。中国电信不让学生续费30元/月的网络，只告知学生只有59元/月和120元3个月的送电话卡的升级套餐，并且强制学生开通使用电话卡。恳求领导核实和处理捆绑和欺骗消费的情况，让学生可以自主选择网络套餐、自主选择是否使用电话卡，和恢复相应套餐的网速。谢谢领导！
从化区委书记,11484830,佛清从高速征地,三农,投诉,2021-09-30,10:57,领导您好，我是太平镇井岗村的村民，我要投诉关于佛清从高速南蛇冚同中楼村地征收争议问题，边分界线重叠有3分地左右，当时是9月8日我们村是统一过去测量的，测量结果出来时我已立即向村反应左问题了，‭ 村已同对方中楼村协调左几次了，都没能解决问题，话对方已收左放款。到中楼村想证实是否到帐的纪录和图纸，但中楼村拒不公开数据，没能做到公平、公开、公正，请问我们的合法权益有保障吗？我们有土地确权证，图纸，难道国家不认可吗？
从化区委书记,11467266,大广高速景业荔都路段严重噪音污染,环保,投诉,2021-09-28,17:00,大广高速公路景业荔都路段全天24小时噪音严重扰民，夜间大货车车流量大时可达90分贝。景业荔都小区4楼以上住户长期受困扰，严重噪音污染令居民生活苦不堪言。夜间大广高速噪音震耳欲聋，居民全屋门窗紧闭都无法睡眠，严重影响生活质量和身体健康。许多长住居民已经出现长期忍受噪音带来的各种健康问题。恳请领导重视此事，帮助我们责成相关部门和开发商解决此问题，在景业荔都路段建设封闭式隔音屏障，还居民一个安宁的小区！
从化区委书记,11454908,求学圆梦自考培训中心有限公司霸王条款,教育,投诉,2021-09-27,21:02,请求学圆梦培训中心终止合同和课程，退还学费。广州市从化区求学圆梦自考培训中心有限公司签署霸王条款，不退还学费。因从化区教育局9月22号回复已收回该机构办学许可证，现在希望领导能协调对方退还我已支付的学费。
从化区委书记,11450105,投诉广州从化太平镇时代印象捆绑车位销售,城建,投诉,2021-09-27,16:21,诉求内容：本人购买了广州市从化区太平镇时代印象楼盘（时代文悦花园），现投诉其购房必须捆绑销售车位的违规行为。因捆绑销售，购房时迫于无奈签署车位认购书及缴纳首期车位费用。经查询，出售的车位没有预售许可证，没有网签属于私下交易，且签署认购书后并没有给我。2016年，国家住建部颁布相关法规禁止捆绑搭售或者附加条件等限定方式，未取得预售许可证销售车位属不正当经营。鉴于此，本次诉求退回我支付的相关费用。1、时代在广州市内多个楼盘绑定车位卖房，公开违背国家住建部颁布的相关规定；2、开盘时捆绑车位销售，车位价格在10万~16.3万不等，车位分三期付款：第一期26922元（含在购房定金的8万中），第二期26922万（2121年9月25日前缴纳），第三期尾款（收楼后半年内缴纳2022年11月底）；3、已有业主组织维权，要求退车位，恳请领导严查。
从化区委书记,11426031,溪岸茗亭小区的虚假宣传，多次协商得不到解决,城建,投诉,2021-09-27,08:17,1.广州市安合实业有限公司在从化区鳌山村溪岸茗亭项目，实际情况完全与宣传的不一致，存在虚假宣传，欺骗消费者购买；2.该公司2018年宣传时说有大门人车分流，而现在仅一个坡道；和自来水增压水泵压力噪音多次协商未能解决，严重扰民，噪音不达标；业主多次找开发商，反映了就没下文等，且现在所谓开的大门存在很多安全隐患，如消防通道经常堵塞，转弯盲区与斜坡并存等；3.虚假宣传，请政府协调解决，保证人民的安全和权益！
从化区委书记,11443703,从化太平壹悦广场什么时候开业啊,文娱,咨询,2021-09-26,22:17,从化太平壹悦广场什时候才开业啊？都已经完工这么久了。
从化区委书记,11420865,上雅君庭楼盘问题,城建,投诉,2021-09-26,15:47,尊敬领导您好！1.上雅君庭烂尾情况下依然能卖楼是何因？2.业主交齐费用情况下因开发商原因不给以办房产是否合理？3.购房前咨询从化住建该楼盘是否还存在问题，住建工作人员回答放心购买，现一年多不能办理房产，从化住建责任在哪里？4.开发商的税费问题为何一定牵扯小业主，没有其他应急方案吗？依据《城市房地产管理法》第四十四条:商品房预售应当符合下列条件:一已交付全部土地使用权出让金，取得土地使用权证书;二持有建设工程规划许可证;三按提供预售的商品房计算，投入开发建设的资金达到工程建设总投资的百分之二十五以上，并已经确定施工进度和竣工交付日期;四向县级以上人民政府房产管理部门办理预售登记，取得商品房预售许可证明。 为何在未交付全部土地使用权出让金可以预售？难道未交齐土地出让金是可以给以施工施工、验收、预售？
从化区委书记,11435121,长期受酸臭味困扰却没人处理,环保,求助,2021-09-26,08:50,你好，我住在从化区太平镇经济开发区云星钱隆天誉这边虽然工业区但是有好多小区还有一所大学居住的人较多，最近几个月每晚都有浓烈的酸臭味，居民反反复复向环保投诉却得不到解决，这味道已经严重影响居民身心健康，望有关部门可以重视还我们一片清新的空气
从化区委书记,11384644,新城西路公交车站旁边的宵夜铺占道经营,环保,投诉,2021-09-22,15:05,1、从化区新城西路邮政储蓄银行旁边的宵夜铺占道经营，多次投诉，相关部门无做为，一直处理都存在这种情况。宵夜铺占道经营，食客的噪音一直扰民。2、投诉12345上十多次，也不处理。相关部门打电话过去，都说不是他们的工作，不是他们能处理。3、从晚上24点到早上6点，食客的噪音一直扰民。
从化区委书记,11375109,请从化公交、从化三中解决学生交通困难,交通,求助,2021-09-19,19:50,从化三中高中         录取了大量外区的学生，近400名。从地铁到中学有一段说长不长，说短不短的距离。交通不便。建议：1目前，外区很多孩子回家50-100公里不等，很多孩子放学后，辗转到家都晚上9点、10点。存在很大安全隐患。建议区政府协调从化公交公司，开通高峰短途快线，周五及周日下午5-7点，从地铁到中学。缓解学生交通困难。做一件利民，方便群众的好事。2学校把在周五下午放学时间优化一下，提前1.5小时，也为家长为群众做一件好事。帮帮孩子。帮帮群众。
从化区委书记,11332224,广州市从化区求学圆梦自考培训中心有限公司,教育,投诉,2021-09-15,21:15,请求地方领导帮帮我让机构把我的分期学费截止！目前就上课一节！还有很多没学习2021-7-29通过微信聊天在广州市从化区求学圆梦自考培训中心有限公司报名行政管理专科自考学历提升，总学费5280老师说这个最适合我，考试几乎都是判断选择题，轻松60分考过，当时办理的分期付款5280块钱报名后听课感觉难听不懂，就跟销售还有班主任提出退费，感觉难，可他们需要我提供重大疾病证明，家庭变故证明，服兵役证明，我没有就不给退，然后我就开始投诉维权了，上海的不管让找广州市的，我想请问一下你们管不管？不管我就继续投诉维权下去！请你们帮帮我一个入世未深的小女孩吧，我什么都不懂就这样属于冲动消费！请你们帮帮我吧
从化区委书记,11299358,宝岗大道富力金禧花园三层四层房屋买卖属欺诈,城建,求助,2021-09-13,15:47,尊敬的市长：我是一平民百姓，我也知道您事务繁忙，我于2019年11月买下海珠区南华中路276号312房（富力金禧三层四层共有96套公寓），本应该2020年9月30号交房，结果是10月份才收到收楼通知，我于10月18日约好到现场看房，才发现被骗了，原来是精心设计好的陷阱，双合同欺诈，样板房不符，平面缩水，豆腐渣工程无施工许可证，无竣工验收备案，有关部门去查看，也只是走过程，敷衍了事，直到现在也无法收房，两年来这样的危房得不到政府部门的解决。温市长，这些日子来我们投诉无门，不得不上告到您这里，不能让不法分子逍遥法外，诉求卖方还我们老百姓血汗钱，房屋不能入住，损失惨重盼望得到政府出面解决。海珠区富力金禧花园原属一类高层，其中三层，四层经营酒楼，后又改建拆分成96套精装公寓公开售卖（当时销售方伙同连家中介公司人员，以虚假宣传，精美的样板房，配送全屋家电家俬，还有卖地段的房产证诱惑销费者，承诺所购的房屋同样板房一模一样，我要求看下房屋的结构被拒绝，说是房子在封闭装修有危险，结果收楼发现实际交付的房屋与样板房相差甚远，且结构完全不同，装修设计不规范，用料不当，多了柱子和横梁。我购买的312房是销售方推荐的，说是靠宝岗大道光线好，全落地玻璃带窗的，以高价卖给我，看房时才发现房屋内无窗，地面也不平，样板房内开放式厨房也没有了，靠宝岗大道的落地玻璃被一大木柱子占了三分之二（柱子里藏有水管电线），洗手盆装在小厅内，厕所门半开（座厕挡住），阁楼矮小无法站立等等，用料均与样板房不符，房子的改建设计装修也未通知所有的业主，实际层高与售楼时承诺的4.5米高不符，购买时本人对套内有柱并不知情，装饰部分用了大量可燃材料，排水排污管不合理，存在消防安全，排水排污隐患及使用有风险，很难通过政府部门综合验收合格，这种违房根本不适住人，无安全感。再次请求政府能亲自到房屋现场一看究竟，对这样违纪违法的销售方，让他们出来给老百姓一个说法，我们要求退房还钱，望政府给我们老百姓作主。致敬
从化区委书记,11266176,建议从805调整发车时间,交通,建言,2021-09-10,17:05,尊敬的领导：   据了解从805已经从原有的分水村委延伸至增城区的分水总站，并且可以直接换乘增城54路到中新或者福和，不过，由于从805和增城54路发车时间不一致，换乘等候时间往往要40分钟以上，因此建议调整805或和增城方面协商调整发车时间，使增54和从805同时到达并同时发车，以缩短候车时间。
从化区委书记,11254304,求学圆梦自考培训中心的恒企教育虚假宣传培训贷,教育,投诉,2021-09-09,15:33,1、通过各方了解发现恒企教育诱导学员下载培训贷2、恒企未开具发票，涉嫌逃税。 因为工作原因需要退学，恒企教育各种天花乱坠的理由扑面而来，套路深，退学退费难。你好，我投诉广州市从化区求学圆梦自考培训中心有限公司的恒企教育！！本人在去年11月在网上看到该机构的学历提升广告，我只是无意间浏览然后我的手机电话和微信就遭遇所谓学历提升老师的各种轰炸，一直在那里讲自考的好处，怎么怎么个容易考啊，很快就拿证了。当时就心动了！但是我看了一下价格专本连读13800元，我说我没钱但是其中一位销售人员让我下载一款“度小满金融”APP让我贷款分期付学费，我没有资格，他们就一通操作让我家里人成功的办理了一万多元的贷款，还承诺没有利息。因为当时交了1360的定金他们说不能退，我只能办这个贷款。后来入学后才发现没有什么一对一服务，中途还联系说我之前报考的学校有变动，现在这个专业没有了，我只能又换学校，班主任形同虚设，除了群发几条消息几乎感受不到她的存在没有任何的服务，临近考试前两个月才寄来书本资料，中途我曾找过他们退费但是无果，各种合同手续对我施压，我退课要扣除高达6000的费用，但是至今我只上过一节网课！！后台均可以查询，投诉之后工作人员相互推诿甚至失联，我现在因为家庭原因无法继续自考，但是退费无门投诉无果，真的希望平台能帮帮我，我可以承担手续费，但是贷款请勿给我取消，并退还我所缴纳的学费！！
从化区委书记,11237989,关于从化国泰天彤房地产开发有限公司违反协议,城建,投诉,2021-09-07,16:43,从化国泰天彤房地产开发有限公司的物业御景绿洲花园售楼部置业顾问与我口头达成一致协议：约定签署认购协议三个月后查首付是否能贷款，如果因银行政策导致不能贷款要退5万定金，纸质协议已写明退定金情况。三个月已到，已符合协议所述情况，该房地产拒绝退定金。我已经将该情况反映给市场监督管理局、从化住建局、市长热线12345，均未得到相应处理回复。诉求：按照协议退定金5万元。有录音和纸质协议书。希望有人帮我看看诉求是否合理。
从化区委书记,11203377,两公里无人行路口，每日上演惊险，民生在哪！,城建,投诉,2021-09-05,09:52,从化区江埔街环市东路，爱尚流溪到珠光山水城路段，人员居住密集，车辆较多，居然长达两公里路段，没有人行信号等路口，没有人行天桥，更加没有人行道路。导致每日车辆逆行，行人跨栏过马路，行人与急速汽车共享道路。请区委区政府重视该问题，督促建设部门改善人居环境，增设人行过马路信号灯，人行天桥，人行道路。
从化区委书记,11158791,不坐校车的学生不能在校食堂食饭,教育,求助,2021-09-02,14:14,太平镇第二中心小学在群公告：@所有人9月1号在校就餐的同学请接龙（注意：因学校饭堂超负荷，所以只接受车队的同学在校吃饭），难道家长接送的学生就没有在校食堂吃饭的权益吗？希望有关负责单位迅速解决此事为感！
从化区委书记,11135575,隔离人员集中接送不合理之处,医疗,求助,2021-08-31,17:09,书记你好，区内壹元有国际酒店告知我们隔离人员要集中巴士送离，不得自行离开。但我们是14天后自愿再隔离7天，以便在广州市区办事，却要与有确诊病例的密接人员同乘离开，这增加了我们自身与从化区防疫风险。9月1日我们要离开了，希望在此之前能够得到及时回复和处理，能够自行乘车离开，我们保证不逗留从化区，谢谢。
从化区委书记,11131680,翠岛温泉度假店卫生条件堪忧,旅游,投诉,2021-08-30,22:27,本人于8月29日从悉尼回国并被安排至翠岛温泉度假村酒店隔离。作为防疫隔离使用的酒店，该酒店卫生条件极差。本人房间内所有桌面都有可被手擦去的污渍，厕所马桶圈有奇怪的粘性污渍，阳台有一块沤着的布，且阳台门存在故障。投诉前台前台含糊其辞，以“用酒精抹布擦湿会留下痕迹”作为借口。本人对该酒店的卫生条件是否适合作为隔离用酒店表示严重担心，希望能够责令整改或取消其作为隔离酒店的资质。
从化区委书记,11117316,公交车晚班车时间,交通,建言,2021-08-29,12:34,从化6路从客运站出发到成康总站，每天发车最晚的时间是晚上六点，六点钟正是上班族和学生党下班或者放学时间，根本就赶不上，您可以做调查，六点以后需要坐班车的人还非常多，建议晚班车延迟一小时到晚上的7点钟
从化区委书记,11085302,从化一元酒店隔离解除政策,政务,求助,2021-08-28,20:02,你好，我是在8月11号回国进行隔离的人员。我们隔离人员遇到了一些麻烦，酒店要求我们在9月1号晚上10点解除隔离。要求我们自行离开，这是一个非常不合理的安排，我们基本都是要求广州市区内部坐飞机或者火车离开的人员。10点钟让我们在一个不清楚的地方流落街头，我想这是一个非常不合理的安排。我们积极响应国家的政策，也希望政府可以给予我们一些便利。我希望可以提前几小时离开酒店或者然酒店安排车辆送我们去市区。这样可以保证我们不会在夜晚10点钟的时候流落在从化的街头。
从化区委书记,11074938,太平镇旅游景点规划,旅游,建言,2021-08-28,16:22,太平镇流溪河两边完全可以规划一下一些旅游景点，特别是牛心岭那边山清水秀不规划一下，浪费资源 啊。
从化区委书记,11038853,从化太平经济开发区百德光广场附近KTV噪音严重,环保,咨询,2021-08-24,23:13,1、2021/8/20到凌晨1点多从KTV仍持续传来高分呗噪音；2、2021/8/21从10多开始从KTV持续传来高分呗噪音，长期导致附近市民无法入睡，严重影响民生；3、这类场所噪音控制是否达执业标准或规范？正值疫情期间，KTV仍高频次营业，是否符合常态化疫情管控要求？此外晚间，经营场所噪音严重扰民影响周边市民身心健康，以上恳请所在辖区相关部门监督管理好，杜绝这类场所所产生的不良行为。
从化区委书记,11025302,投诉从化鳌头高平墟片区没快递点，快递也不派送,交通,咨询,2021-08-24,10:46,从化鳌头高平墟片区附近有多条行政村(高平，上西，下西，乌石，西向，宝溪，月荣)，人口数量众多，村落还有一些工厂企业，学校等，墟场作为附近村落的中心，城镇，但是却没有快递点，很多快递也不派到高平墟片区，村民要到五六公里的龙潭墟取件，十分不便利。
从化区委书记,11035499,商铺深夜占人行道经营，深夜食客噪音扰民,环保,投诉,2021-08-23,16:40,从化区城郊街新城西路邮政储蓄银行整条街从23点至凌晨6点摆摊占道经营，食客用餐声音较大，严重影响居民生活，多次12345投诉，但无相关部门回复，长期深夜经营，占据人行道摆放桌子，影响市民行走。晚上睡觉常被食客声音吵醒，且声音持续不断，不得安宁
从化区委书记,10997675,珠江壹城康景物业不作为,城建,投诉,2021-08-19,17:10,珠江壹城C2区11-2整栋楼里自来水有沙子，有人洗衣机进水口都能堵住，水龙头过滤网 隔一两天打开就一堆沙子，找物业说是自来水公司问题，找自来水公司也说自来水没问题， 连物业安排上门处理的师傅都说是水管里有沙子， 物业领导还一直说是自来水问题，入住半年多沙子没有停过。严重影响民生。希望区领导关注。 另外珠江地产房租质量差，还一直用网上各种投诉的康景物业，其中利益纠葛不言而喻。
从化区委书记,10962204,从化区太平镇规划问题咨询建议,城建,建言,2021-08-17,19:07,领导您好，2019年看到新闻关于太平地铁站附近建设新城问题，想请问一下太平镇何时能建设比较大型的商场超市？地标性建筑？学校？附近人流量也不少，105国道车也很多，可是太平商业确很落后，想逛个商场超市，都要去钟落潭或者街口，相对发展比较缓慢。还有就是太平现在就建几个小区入住后，小孩读书问题也是个大问题，学位紧张问题能得到解决吗？盼回复，谢谢。
从化区委书记,10974977,投诉广州从化区求学圆梦自考培训中心有限公司,教育,投诉,2021-08-17,16:49,你好，本人在今年三月看到该机构的学历提升广告，说购买VIP班包过及会提供自考答案，购买的是VIP签约保障班费用7180，后来通过了解才知道自考根本没有什么包过也不可能有自考答案；办理后才发觉原来是网贷，而且连正规发票也没有提供；当时还说是最后一天报名，再晚了就赶不上四月份的自考报名了催缴费，缴费之后联系说我报的这个班不是四月份的要等到十月份，这和当时说这是报名最后一天完全不是一回事，这明显是欺骗交钱。联系他们退费也不理。求贵平台帮助，把之后的费用的退还我，麻烦了
从化区委书记,10959235,康景物业有违规经营嫌疑,企业,投诉,2021-08-17,16:46,康景物业群管理的珠江国际城小区，保洁外包，现在出现劳资纠纷，保洁员工资拖欠，保洁员罢工，物业威胁保洁员，口出狂言不怕他们上告，他们之所以这么硬朗，是保洁公司没有跟保洁员签订劳动合同，而且这些保洁员都是年纪较大的农村人，所有网络科技产品不会使用，因为罢工，物业扣了每个保洁员100元，他们的月工资才只有2700元，有的保洁员6月底就辞工了，8月11日罢工之后才发了6月工资，辞工也被扣了100元。没天理物业管理处处有问题，小区保安少，车库问题多多，乱收费，疫情期间，小区卫生很差，夏季炎热，垃圾会滋生很多细菌，如果因此出现问题，我想责任谁都担不起！
从化区委书记,10959204,“流溪·津里”国家城乡融合发展试验区规划,城建,建言,2021-08-17,14:12,请问领导：“流溪·津里”国家城乡融合发展试验区是如何规划的，是否指的地铁14号线神岗站周边？据笔者观察，该区域发展十分缓慢，基础建设落后，如高湖路都没见到工人修路施工。因此笔者建议：（1）加强基础设施，完善路网。（2）加大招商引资，不仅仅是让珠江投资一家开发商开发。只让一个公司开发，估计20年也开发不完。（3）建议引进一所高等院校，和一些科研机构。增强该片区的发展活力。笔者认为，绿色发展不等于不发展，不等于缓慢发展。相信从化区可以走出一条依托科技创新和优质生态环境的绿色发展之路。
从化区委书记,10937358,康景物业不作为，垃圾无人清理，安保松散，安全,城建,投诉,2021-08-15,15:13,从化太平珠江国际城小区，收取高额物业费，却不作为。生活垃圾无人清理。安保配置严重不足，安全隐患极大。防疫形式化严重。据说物业拖欠保洁人员工资，导致保洁停工，严重影响居民日常生活。公共设施损坏无人维修。
从化区委书记,10934982,太平镇珠江壹城小区的垃圾到处堆积如山,城建,投诉,2021-08-15,14:25,投诉康景物业只收费，不作为1.康景物业每个月收着2.6元/平方的物业管理费，但小区经常垃圾堆得随处可见，无人处理2.小区地下停车场地面没有打地坪，砂石满地（尤其是C1区，目前是停车收费状态），甚至地面钢结构也暴露于地面，有很大的安全隐患3.生活饮用水浑浊，除了以上，还有诸多问题，都投诉多次，物业都是草率答应整改，但仅限于口头上，实际问题皆未得到解决。希望可以得到相关部门领导的关注，帮督促和追问小区管理者，帮我们解决这些民生问题。
从化区委书记,10934878,珠江国际城垃圾横天无人清理,城建,投诉,2021-08-15,14:21,1，康景物业不作为，导致保洁工人罢工，小区内垃圾多天无人清理，臭气熏天，细菌横生，现阶段处理防疫重要时期，这样会给防疫增加诸多问题。2，小区园内多处坑坑洼洼，没人维修，小区内有很多老人家，小孩，很容易导致摔跤受伤
从化区委书记,10934285,珠江国际城环境恶劣,城建,求助,2021-08-14,14:47,投诉：1、小区垃圾长期无人清理，细菌病毒容易滋生，特别是当前新冠疫情当下情况。2、小区物业管理差，小区内长期堵车、乱停车。3、小区停车场地面差劲，收费未经相关政府部门审批，存在非法、乱收费情况。4、疫情防疫力度不够，防疫措施形同虚设！！！！！5、小区的住户多次投诉物业上级无效，很无奈才麻烦到领导为我们做主
从化区委书记,10933899,珠江国际城物业管理非常差,城建,投诉,2021-08-14,14:43,垃圾过量堆积，无保洁人员搞卫生。入住率不高情况下，垃圾数量也不多，昨晚开始投诉康景客服，一直都没回应。小区由昨晚开始到早上都是臭味熏天。保安管理松散，外来人员来访登记工作不到位。
从化区委书记,10933737,物业不作为，垃圾遍地，公共设施不维护,城建,投诉,2021-08-14,14:38,珠江壹城C2区，垃圾遍地，无人清理，整个小区都是一股巨臭，极大的影响了居民的日常生活，极易滋生疾病，又是防疫期间，卫生尤为重要，希望能重视。有听说物业拖欠清洁工人工资，致使他们停工。地面的坑几个月了，没人维修，公共设施损坏，无人维修，具有很大的潜藏风险。公共花园里面宠物粪便随处可见，后花园地面青苔一到下雨的时候就非常的滑，老人小孩子很容易摔倒，风险巨大。希望政府能支持业主成立业委会，自己管理
从化区委书记,10934551,珠江壹城康景物业不作为，垃圾遍地未处理,城建,投诉,2021-08-14,14:37,1、垃圾现在无人处理，全在垃圾集中点堆放，发出臭味，易滋生细菌，疫情期间，防控不到位2、小区公共设施损坏物业未安排维护，也未设置危险标识，存在巨大安全隐患
从化区委书记,10934087,从化神岗珠江国际城,城建,投诉,2021-08-14,14:35,1.珠江国际城小区内臭气冲天，2天垃圾没人清理。清洁公司罢工。原因是没有发工资。2.小区物业经理无作为。地下车库清洗，刷地坪漆。事情答应业主也没有解决。一个字拖，小区内地面损毁也没有修复。3.小区内超市开业。7点钟舞狮敲锣打鼓扰民，物业经理不去制止这种扰民的行为，反而去剪彩。4.目前我们用的水还不是市政水，有业主反应水质偏黄。用水是旁边的神岗水厂的水，有安全隐患。
从化区委书记,10934483,珠江国际城小区垃圾成堆，臭味弥漫，物业不作为,城建,投诉,2021-08-14,14:35,物业不作为，拖欠清洁工阿姨工资，清洁工罢工，小区内垃圾成堆，臭味弥漫，恳请政府关注，体察明情。物业费去向是否真如公示的一样，真相存疑。
从化区委书记,10934640,太平步行街居民到新和公交出入,交通,建言,2021-08-14,12:32,太平步行街附近为太平老城区，居住人口相对太平其他其余集中。但当地岗位有限，薪酬一般；大量年轻人谋求到从广州市区谋生赚钱——能否增加太平步行街附近到新和的公交或便民车直达1-更方便外出赚钱可观收入2-更方便回当地消费，发展
从化区委书记,10899812,请求保障妇女的合法权益,政务,求助,2021-08-10,16:20,您好！我是广州市从化区城郊街黄场村9社村民，从出生至今户口一直在本村从未变迁过，婚后生育了1个女儿，初始户口落户在本村一直没迁动过，虽是黄场村民，但婚后从未得到过村里的征地补偿分红和土地分配。正在进行的农村集体产权制度改革，8月1日，户代表开会表决:根据《农村土地承包法》第30条规定，在承包期内，妇女外嫁未在新居住地取得承包地，原住处不得收回其承包地。请求区长为我们作主，谢谢您。
从化区委书记,10798453,从501路什么时候可以延伸,交通,求助,2021-07-30,23:14,领导您好！从化作为广州的北大门，相比增城花都南沙，从化的对外市的公交联系为0，群众出行十分不便，据地派当地群众反映在7月中旬龙门和从化双方已经到过现场勘察运行线路和停靠站点，并在现场喷字标记，行走路线和停靠站点也基本确定，只剩从化方面的延伸申请，4km车程只有几分钟，为了切实方便两地群众的出行需求，因而希望从501路能够尽快延伸至地派以接载更多的乘客。
从化区委书记,10798537,黄埔-从化合作区进展如何,企业,咨询,2021-07-30,16:15,为了改变从化落后的面貌，从2020年开始从化提出要和黄埔共建产业合作区，至今差不多一年了，现在进展如何？1.黄埔-从化产业合作区顶层设计如何，能否有效补齐从化的经济短板？2.有哪些地块已经做好了规划？规划是否在从化区政府官方网站上公布？3.合作区内招商引资工作做得如何？招商企业数量有多少个？企业质量如何？能带来的税收有多少？4.合作区的配套设施如何？如医疗教育交通是否能跟得上？
从化区委书记,10767971,广东农商银行卡被公安冻结了,金融,咨询,2021-07-30,09:49,尊敬的领导您好，本人的农商银行卡62172*********被公安机关冻结了，通过银行查询才得知被公安于4月份冻结，然后银行说是从化那边报案说银行卡涉嫌诈骗，银行卡一直在本人手上，从未出借过银行卡账户，和银行工作人员沟通后发现那笔不明资金通过别人的账户汇入本人的银行账户就立即被人以基金方式转走了。
从化区委书记,10786996,华农大学珠江学院封校管理,教育,求助,2021-07-29,22:16,领导你好 我是华农珠的准大一新生  华南农业大学珠江学院去年已经因没有遵守相关规定 未在十四天前通知学生回校 而是只提前了两天就让学生回校 且学校没有准备口罩和消毒措施 也没有进行及时的核酸检测
从化区委书记,10767339,霸占公共车位，影响和谐，影响友善,城建,咨询,2021-07-27,14:54,从化河东龙井社区，利用三轮车，摩托车，单车以及其它障碍物霸占车位，影响有需要的人，影响市容市貌，影响人与人之间友善和和谐。
从化区委书记,10735092,珠江国际城水泵房低频噪音震动导致房屋无法居住,城建,求助,2021-07-25,16:34,尊敬的区政府领导，您好！ 本人是珠江国际城业主，于18年11月购买该小区的房子，20年12月26日收楼。后在2021年3月22日当天将购买床具搬入房子安装后，于当天发现房子存在很大的噪音和轰鸣声，让人非常难受，后让物业和开发商工程部进行上门确认，均认为该存在水泵房噪音轰鸣震动问题非常严重，房子无法住人无法睡觉。 后了解到是因为开发商的错误设计以及各种偷工减料，将小区水泵房建在我的房子卧室正下方负一楼且没做任何隔音减震降噪的环保措施，房子没法住人同时导致一楼地面震动有可能影响楼体安全，噪音和轰鸣声让人晚上无法睡觉。夜晚非常安静，在这低频噪音和震动导致的轰鸣声下，人根本受不了。 21年3月22日发现该问题后，一直催促开发商解决，但开发商店大欺客一直拖着不处理。问题由他们导致，买房时并未告知我水泵房位置，本就应该开发商负责到底速度解决。但是开发商领导层根本不重视，问题不解决没法入住，我还得继续在外租房子。小年轻辛苦攒钱买套这样的房子每个月要还月供交租金，开发商对待水泵房噪音问题的态度让人心寒。 恳请相关部门跟进解决水泵房噪音问题，严厉督促开发商尽快解决问题，让我安家广州。 感谢！！
从化区委书记,10725381,太平开发区钱隆天誉小区恶心空气臭味,环保,投诉,2021-07-24,13:00,1.2021年7月21日晚8点闻到令人恶心空气臭味，严重影响到了正常的生活，也威胁到家人身体健康。2.周边工厂偷排恶臭尾气已经持续了两三年的时间，之前小区居民都持续投诉反馈给环保部门，未得到实质性解决。
从化区委书记,10725473,从化太平镇丰盈路云星钱隆天誉小区刺鼻臭味,环保,投诉,2021-07-24,13:00,从化太平镇丰盈路云星钱隆天誉刺鼻气味扰民从化太平镇丰盈路云星钱隆天誉刺鼻气味扰民
从化区委书记,10727217,关于从化公交的两条建议,交通,建言,2021-07-24,12:41,领导您好，我是广州的一名市民，也对市内的交通尤其是郊区的群众切实出行比较关注。我注意到，从化区作为广州的北大门，对外交通联系较少。我注意到两条线路，从化10路和从化502路，分别是去往从化佛冈交界处和从化新丰交界处。我在搭乘这两条线路时，发现市民分别有前往佛冈和韶关新丰的需求，特别是从化10路的终点站，长岭总站，到佛冈龙山镇仅有2km的距离。因此，许多市民为了打通“最后一公里”，被迫选择乘坐非法交通工具，导致这一带黑车摩的盛行，给交通带来了很不好的影响。希望能首先将从化10路延长至佛冈龙山客运站，切实方便群众需求，立足推动粤港澳大湾区交通发展。然后，也希望在有运力的情况下，做好跨市协调机制，延长从化502至韶关新丰，这样可以极大方便市民的出行，减少不正规车辆的市场空间。不希望公共交通的“断头路”问题，给予非法营运车辆生存的土壤，也更希望公交部门能提供更优质的交通服务，谢谢！
从化区委书记,10631275,龙潭村市场、官庄大桥重建工程遥遥无期,城建,求助,2021-07-14,17:44,两个项目重建工程已施工近两年，仍未竣工，现场无准确的公示牌。其中，市场重建工程每天仅有几名工人施工；官庄大桥动工一天停工半个月，请问广大人民群众、求学学子每天都要经国道才能回家、上学。
从化区委书记,10606899,求学圆梦自考培训中心的恒企教育虚假宣传诱导贷,教育,求助,2021-07-10,09:34,你好，帮忙投诉下广州市从化区求学园梦自考培训中心有限公司，本人在今年三月无意间在网上看到该机构的学历提升广告，广告宣称名师一对一服务，每天仅拿出一点点个人时间就好，而且暗示包过，诱导我购买VIP包过班，讲通过率百分之九十以上，实际后来通过了解才知道根本没有什么包过，都是骗人的噱头，还问我英语和数学的基础怎么样，我回复数学不好，她就说现在华南农业大学的行政管理专业不用考英语和数学两门科目，明年会加考这两个科目，名额只剩几个了，虚假宣传让我报名并购买他们的课程，我说我没钱还诱导我办理分期，一开始以为是他们自己平台的分期，后来才知道给我办理了网贷为了赚钱无下限，班主任也形同虚设，除了群发几条消息几呼感受不到她的存在，除了一堆视频，没有任何服务，这些学习视频我在网上就可以找到免费的，我花这么多钱就是来看视频的么，我是来享受服务的，结果服务没有，只有一堆看不懂的视频，因为对他们的服务及其不满意提出来退款，诱导我贷款的招生老师不回信息，朋友圈也好几个月不更新，不知道是把我拉黑了还是怎么样，怎么发信息都不理我，跟班主任说，也无果，，无奈求得贵平台帮助，可以扣除违约金，退回剩余的款项
从化区委书记,10564254,关于地铁14号线太平站片区规划的学校规划建设,教育,求助,2021-07-09,18:52,领导好！2019年8月28日发布的地铁14号线太平站片区控制性详细规划图中显示，在该区域内规划设置了18班小学和24班小学，作为附近的居民，十分关心小孩的读书教育问题。实地了解，目前该区域学位较为紧张，等这两年时代印象和周边几个楼盘入住，入学人数会陡然增加。适龄儿童入学是民生大事，请问该区域规划设置的18班小学和24班小学什么时候可以落地建设？有无具体的建设时间？盼回复！
从化区委书记,10562869,红绿灯,城建,建言,2021-07-09,18:40,广州从化万宝工业园东门门口的路口处可以设置一个红绿灯，因为这个路段大货车多而且还不让人，导致过马路有时需要10多分钟
从化区委书记,10593857,迎宾桥迎宾大道辅道车辆逆行问题,交通,投诉,2021-07-09,11:01,水利学院旁，迎宾大道辅道，双向车道都有逆行问题。见到已经增加人行天桥，确保行人安全。但是依然有各种类型社会车辆逆行，十分危险，见到现场并没有禁止掉头标志，没有违法监控。建议：1、增加实体围栏延长实线距离，太多车辆迎宾桥下来后，即刻压线逆行，十分危险，正常行驶的车辆根本没有反应时间。2、增加违法监控，增加禁止掉头标志。
从化区委书记,10592883,违建电梯,城建,投诉,2021-07-08,19:28,投诉电梯违建！违建内容是私自加装电梯，改变房屋原有格局。投诉具体地址：从化街口105国道碧桂园荔山雅筑S1商铺二楼S1-107* 企业名称：广东意达医疗投资有限责任公司
从化区委书记,10547018,上雅君庭未交付全部土地出让金问题,城建,建言,2021-07-08,08:50,尊敬的书记您好！已咨询过您辖区范围内的从化住建部门，住建部门让我们业主找自然资源部门，现咨询无门，烦请领导为我们购买上雅君庭的业主咨询为何上雅君庭在未全部交付土地出让金可以进行施工并通过验收和预售，但是却不能给业主开具购房发票，未能办理房产证。
从化区委书记,10546922,购买上雅君庭后不开具发票,城建,求助,2021-07-07,09:49,尊敬的领导您好！本人在19年4月在从化区太平镇在上雅君庭购买一套房子可谓是举毕生心血和全家人积蓄，现在房子已经竣工验收，但是未能开具购房发票。1.在购置房子时候，该楼盘未向我提及该楼盘未全部交齐土地出让金，这样可以预售吗？2.该楼盘现宣传广告是即买，即收楼，即入住，即办证，因土地出让金未交付全部未能开发票，该广告未如实宣传。
从化区委书记,10498649,公交运营时间少班次也少,交通,求助,2021-06-29,18:07,广从922路公交车运营时间和班次实在是太少了每天只有下午一趟 对于要靠这趟班车上学的人实在是太不方便了 能否增加广从922路班车的运营时间和班次 谢谢！
从化区委书记,10443015,投诉广州市从化区求学圆梦自考培训中心有限公司,教育,投诉,2021-06-23,11:01,报名时间2020.7月.7日，网络看到公司广告，便报名，事先已经沟通好，不过全额退款，公司现在拒不履行义务。报名金额7380元。希望能够帮助我全额退款。
从化区委书记,10433255,希望有关部门能及时更新太平的公交站牌,交通,咨询,2021-06-22,14:55,最近开通的从807和从808在广从路沿线公交车站的站牌上未显示有这两条线路，可能因为这个原因，从808路的司机在经过神岗地铁站后，会询问车上乘客的目的地，然后一路飞站到达乘客的下车点，若车上无乘客，则会一路都不停站到太平小学，而805终点站已经从太平地铁站更换至新和，但太平地铁站仍然有805的信息，因而希望有关部门能够及时更新站牌信息。
从化区委书记,10388786,关于从化区温泉镇灌村路的问题,城建,求助,2021-06-17,22:47,您好，领导，有关于从化灌村路段，想求助咨询一下您，我每次经过灌村路段到十字路口，都会塞车有三四公里不止，j而且晚上的时候根本看不清路黑乎乎的，加上该路段是很多急弯，路灯相隔太远树木也有遮挡的原因根本起不到任何作用，很窄很黑，行人没有人行道走，非常危险，在此想了解一下该路段有没有规划什么时候扩建还是其他改善交通的机会，谢谢
从化区委书记,10392573,严重扰民,环保,投诉,2021-06-17,09:28,芊红泡菜及旁串串烧两家饮食店噪音严重扰民，特别是周末的时候晚上十一点后还在营业顾客喝了酒声音大，现在是疫情还在堂食并占了人行道经营，望能解决。
从化区委书记,10349003,三友美食店店外经营至深更半夜，噪声严重扰民,城建,建言,2021-06-14,17:31,位于城郊街新村北路143号北星公交站附近的三友美食店每晚店外经营至凌晨两三点，食客噪声严重扰民。已投诉超过十次以上仍未解决。
从化区委书记,10334266,“从化区求学圆梦自考培训中心”退费问题反馈,教育,建言,2021-06-11,10:11,今年三月份在该机构咨询学历教育，自称恒企教育的老师微信联系我，并多次误导说尽快报名后只需两年多就能毕业，不然教育部政策马上会改，专本需要固定七年，而我在官网上了解此信息不存在！！！诱导网贷，学费8080元，首付808，度小满分期12个月7272，我缴完费了解过一些情况后就和老师说过有退费意向，拖着不退并拿合同里的霸王条款说事，后来解绑银行卡，又一直接到骚扰电话说不履行贷款会影响征信。报名后了解到学历教育培训好像不在其营业执照经营范围之内，还有在此机构报名的其它学员反映其授课质量较差。在和从化区求学圆梦自考培训中心的老师沟通过程中存在诸多矛盾，我也没心情继续在此机构报读了，曾沟通好只换专业，后来没通知我连学校也换了，现在又以在转专业申请上签字为由拒绝退费，从三月开始沟通退费到现在拖着不退，总催着我签明显不合理的合同然后去上课。我想换报别的有资质的机构也没多余的钱，而且每年两次考期，秋季考期备考明显被拖的时间不够了。此机构疑存在诱导贷款、虚假宣传、霸王条款、超范围经营等问题。我目前还没上过该机构的课也没签合同，希望能尽快退费，解除合约，终止贷款。
从化区委书记,10316586,太平开发区附近经常臭味熏天,环保,投诉,2021-06-09,17:43,领导好，太平开发区工厂经常排放废气，已经严重影响附近居民正常生活，经常半夜，下午，早上，都能闻到很臭的味道，特别是老人和小孩的身体健康受到严重影响，请领导为民做主，为民办好事，感谢。
从化区委书记,10316755,环境困扰,环保,投诉,2021-06-09,17:43,广州市从化开发区钱隆天誉小区经常闻到酸臭味或超标的鸡精味，严重影响到居民的生活和健康。请相关领导追究处理，还居民美好的居住环境。谢谢！
从化区委书记,10316805,请求改善居民区工业排放废气污染问题,环保,投诉,2021-06-09,17:43,广州市从化开发区钱隆天誉小区经常闻到酸臭味或超标的鸡精味，严重影响到居民的生活和健康。请相关领导追究处理，还居民美好的居住环境。谢谢!
从化区委书记,10315687,车乱停，塞满道,治安,投诉,2021-06-09,17:40,云星钱隆天誉小区的停车场出入口那条小路日日夜夜停满车，请给女司机一条生路从楼上拍到的只是一角
从化区委书记,10317142,从化太平镇开发区钱隆天誉附近工厂排放废气,环保,投诉,2021-06-09,17:40,每天晚上小区附近都闻到刺鼻的鸡精臭味，严重影响了附近居民的身心健康和睡眠质量
从化区委书记,10316256,投诉小区旁边工厂排臭气,环保,投诉,2021-06-09,17:24,各位市领导，我是广州市从化区太平镇钱隆天誉业主，钱隆天誉这个楼盘四周都是工厂，每天都有严重异味偷偷排放，严重威胁家里老人、小孩、孕妇身体健康，业主投诉两年来一直未有效果，当地环保局、当地政府一直没有找到异味的原因？为什么在一个四周都是工厂的情况下批准一块建筑用地，楼盘与工厂5米距离，工厂有明显排放废气的烟囱，屋面有明显污染的灰尘，到处打着严防明火，严防爆炸的标语的仓库，现在每天都闻到大臭味
从化区委书记,10320110,东方夏湾拿海滨等片区临电问题,城建,投诉,2021-06-09,16:05,东方夏湾拿海滨等片区交楼已经六七年，至今仍然是用的临时用电，一到节假日回来住的人多，就会频繁跳闸，不少住户的家电由于不正常的供电导致寿命下降甚至损坏，我们通过多渠道反应过临电问题，但开发商珠江投资一而再再而三的拖延，至今仍然没有将临电转为永电。我们希望书记从民生角度出发，督促开发商尽快解决临电问题，并且有个解决临电的时间点。
从化区委书记,10319685,太平镇云星钱隆天誉小区废弃污染,环保,投诉,2021-06-09,15:10,领导您好，我住在云星钱隆天誉小区，自从18年入住之后，一直忍受着周围工厂排放的废气，有鸡精味，还有塑胶臭味，经了解，鸡精味来源于联合利华，塑胶味来源于精展公司。该问题已经连续多次向开发区环保部门反馈，后续一直未有改善，有包庇嫌疑，周围工厂废气排放肯定是超标的，请有关部门核实，还太平镇一片净土，不然我们老百姓一整天都是吸着废气过日子，严重影响身体健康和日常生活，请领导体恤民生。更可怕是他们还在深夜排放
从化区委书记,10319069,从化太平开发区环保部门不作为,企业,投诉,2021-06-09,14:52,我们是太平开发区钱隆天誉小区居民，小区经常味到难闻的味精味、臭胶味、酸臭味。自2018年开始至今多次向12345反映投诉，虽然每次都有环保专员电话回访、每次都说企业会整改但效果甚微，投诉已经三年多小区依然饱受工业废气侵袭。开发区环保部门不作为，无法整治企业偷排
从化区委书记,10305857,关于太平镇工业区废气污染问题,环保,求助,2021-06-09,08:59,尊敬的领导您好，关于太平镇工业区废弃污染问题，给我们居住在这的居民造成了很大的困扰，经常有不明来源的臭味，有时是鸡精味，有时是类似塑料味，都不敢开窗。在12345投诉多次没有回应，家里有小孩，担心影响小孩健康，望领导帮忙解决，感谢！
从化区委书记,10305645,小区长期臭气环绕，环保部门表示无能为力,环保,投诉,2021-06-09,08:50,云星钱隆天誉小区地处太平镇经济开发区，最近两周居民们频频遭受工厂臭气毒气袭击，多次反映环保部门，环保部门坐视不理，反而致电业主表示该楼盘处在开发区中，周围工厂企业较多，有臭味正常，他们也无能为力，丝毫不为百姓干活，想出的解决方案不是调查原因解决问题，只是一个字“忍”，这电话不打还好，听了真的让人难受，不说能不能解决这件事，作为环保部门如此不作为实在让百姓难以接受。
从化区委书记,10304962,工厂偷排毒气,环保,投诉,2021-06-09,08:30,我们住的太平开发区附近工厂每天不管白天晚上毫无顾忌的排放毒气，气味刺鼻，闻了头晕喉咙痛，呼吸不畅，严重影响到我们的身体健康，投诉环保部门，环保部门不处理，
从化区委书记,10277624,太平公交接驳到增城福和,交通,建言,2021-06-07,23:21,太平有条公交线路是终点站是到太平分水村，没有延伸公交线增城中新镇福和，非常不方便从化与增城的公共交通出行，     望领导切实解决太平到中新“最后一公里”问题
从化区委书记,10276290,请问广大附中从化实验学校是公立还是私立？,教育,求助,2021-06-06,15:19,保利.花城纪坐落于从化区江埔街九里步果场，配套广州大学附属中学从化实验学校。据介绍，学校规划建设办学规模为45个班，其中小学30个班，初中15个班，共2100人。学校占地面积约41550平方米。本人是九里步区域的小区业主，现在小孩也快要读初中了，请问一下这个学校的配套是公立还是私立，等招生的时候是什么方案呢？希望有关部门能回答，让我们做父母的可以提前做好孩子读书的准备，谢谢。
从化区委书记,10235070,珠光集团乱收购房'团购费',城建,投诉,2021-06-01,14:12,"2018/12/18下午：我与家属自行前往'山水诚品'营销中心（小区售楼处）。销售说仅精装、无毛坯，于是订立'精装房'购买意向合同，我支付8万团购费【仅3万作为后续购房定金，无返现】。1.无'团购'同意书、只收现金、仅开具了收据【无发票】 2.各个业主缴纳的数量各不相同【3万-8万不等】，且不算在房屋总价里 3.我们没有拿到购房优惠，因为房子标价是多少就是多少 3.我们从未观看'广东广播电视台'1.因为是开发商自己的销售人员，代公司收取的，如果是'合法且价格合规'，需要开具发票 2.因为我们购买此套房屋、并未'砍价'【当时】，当时售楼处比较冷清；在未签字或缴费之前，按照销售人员口头描述，他个人替我们申请'9.9折优惠' 【购房款仅少1W多一点、个人理解为正常营销】 3.刨开'团购费'，本次购房总价跟住建局'备案价格'基本相同； 4.'广东广播电视台房产频道优惠服务说明书'-会员优惠：""8W抵9折""，应该是虚假的"
从化区委书记,10231790,霸占停车位，影响社区的和谐,城建,投诉,2021-05-31,16:48,江埔河东龙井社区，大部分公共停车位用三轮车.摩托车.烂单车以及其它障碍物霸占，影响停车，影响社区人与人之间的和谐。
从化区委书记,10178298,农村户口是否可以两地申请分集体山林田地,三农,咨询,2021-05-28,21:57,领导你好，本村小队一人原户口从来没有参加过分集体山林土地的，50年已经迁户口到清远江口农村分有山林田地，在10多年又把户口签回来本村小队，当时要求生产队社员帮忙签户口迁回同意表时，和队员有口头约定只是要求户口回来，不会再要求分小队的集体山林田地，现在遇到有拆迁，这队员是否有权利要求分配迁入户口小队的集体山林的权益。他可以两地都申领集体山林田地吗？
从化区委书记,10130676,九里布片区学位严重不足,教育,求助,2021-05-19,17:05,九里布片区已建成多个小区，然而片区内无中小学，片区内的教育用地规划多年，迟迟未落实建设；望有关部门重视，加快落实片区中小学建设，解决九里布片区业主子女上学问题。
从化区委书记,10106031,御景绿洲花园开发商和小区物业对装修规范不一致,城建,投诉,2021-05-18,10:23,领导您好，本人是御景绿洲小区业主，本人房屋（毛坯房）于2021年3月收楼，目前正处于已报备装修阶段。前期向物业方报备装修时，物业方要求业主方装修期间必须做到房屋外围要用夹板围蔽防止装修材料跌落和要配备好灭火筒消防器材，否则配电部门不予通电。对此规定，我们十分赞同。但由于该楼盘有近9成业主购买了带装修的房屋，所以目前开发商仍在对其他带装修的房屋进行装修建设，但开发商在装修房屋时，却没有用夹板或者其他材料进行围蔽且没有配备灭火筒消防器材，与物业方要求业主们装修期间的安全规定不一致，对此问题身为业主方的我们十分不满，也曾将该问题向物业方反映，但得到的答复是“物业方因无权管理开发商，所以没办法解决”。因此，前来反映诉求。现在，本人正在对房屋进行装修，每天都会带工人进出小区，经过正在装修的楼宇时，都特别提心吊胆，生怕没有做围蔽工程的房屋里掉东西下来砸到自己。难道开发商装修的房屋可以百分百保证不会掉东西下来不做围蔽措施？而我们业主自己装修就有可能掉东西下来所以要做围蔽措施? 有好的安全规定，我们非常乐意遵守，但希望能共同遵守。所以，望请领导派有关部门对此问题开展调查处理，落实安全生产主体责任，解业主之忧
从化区委书记,10101012,超市/饭店违法经营，占道经营，噪声扰民,环保,投诉,2021-05-18,09:20,从化区江埔街大江路26号美宜佳超市，和对面21号佳又多百货加彬子美食超范围经营，占道经营占据公共地方造成附近居民不便，一到晚上10点起至凌晨3点左右造成严重的噪声扰民，占道经营至半夜，经长时间多户人投诉后依然不整改，附近居民饱受折磨，望有关领导和有关部门对此三家店面作惩罚性处罚，规范其经营，不要经营与超市无关的服务，还有就是望此三家店十点前能结束经营减少对附近楼上住户长期的噪声扰民问题。
从化区委书记,10101002,超市/饭店违法经营，占道经营，噪声扰民,环保,投诉,2021-05-17,16:11,从化区江埔街大江路26号美宜佳超市，和对面21号佳又多百货加彬子美食超范围经营，占道经营占据公共地方造成附近居民不便，一到晚上10点起至凌晨3点左右造成严重的噪声扰民，占道经营至半夜，经长时间多户人投诉后依然不整改，附近居民饱受折磨，望有关领导和有关部门对此三家店面作惩罚性处罚，规范其经营，不要经营与超市无关的服务，还有就是望此三家店十点前能结束经营减少对附近楼上住户长期的噪声扰民问题。领导您好，我们这是临居从化第三中学和从化医学院隔壁是住户，本来我们这整条大江路几十年来这里是学生学习和居民居住十分安静舒适的居住空间，然而楼下自美宜佳超市开业以来这几年，因其超范围经营，一个小超市做成夜宵档的角色，长期摆出桌台占据公共地方造成附近居民生活出入不便，而且吸引众多酒民聚众在那喝酒，兼而带动多辆走轨烧烤车在附近烧烤制造油烟污染，一到晚上10点起至凌晨3点左右严重的噪声扰民，居民饱受折磨，对面大江路21号的佳又多超市也有模有样跟着超范围经营，占道经营至半夜两三点不停，更加加重噪音扰民问题，然而最近今年又多一家彬子美食也是跟着开到凌晨两三点，噪音一家比一家声大，此三家店都存在超范围经营.占道经营和噪声音扰民状况。几家店曾多次因噪音扰民被附近居民多次多人举报，但有关城管部门，派出所出面要求其整改后没多久现又在室外非法摆出台面聚众严重扰民楼上住户，我们只是小居民，自从美宜佳开业后，几年来吵得晚上睡不着觉，造成严重的精神衰弱，长期睡眠不足，白天没精神工作，每天早上晚上给吵到3~4点那些人走后才能休息，早上7点又要起来工作，长期以往精神崩溃。望有关领导和部门对此三家店面作惩罚性处罚，规范其经营，不要经营与超市无关的服务，还有就是望此三家店十点前能结束经营减少对附近楼上住户长期的噪音扰民问题。
从化区委书记,10096298,保障业主权利，保障幼儿受教育权,教育,投诉,2021-05-17,14:15,山水城幼儿园录取人户一致的业主子女，与所有的宣传及卖房时的“买房即可入读”的承诺相违背，现据了解还有山水城人户一致业主40名左右幼儿无法入读，存在明显的欺骗消费者行为。综合上述，山水城适龄上幼儿园小班的家长统一诉求：1.山水城幼儿园在现计划招生的基础上，增加一个班级，以解决剩余40个适龄儿童满足院方招生条件的人户一致业主适龄幼儿上幼儿园小班的需求；2.要求对现有山水城人户一致的资料进行复查彻查核实
从化区委书记,10091539,求学圆梦自考培训中心的恒企教育虚假宣传诱导贷,教育,投诉,2021-05-17,14:02,你好，帮忙投诉下广州市从化区求学圆梦自考培训中心有限公司，本人在今年四月上旬无意间在网上看到该机构的学历提升广告，广告宣称每天仅需一点个人时间就能行，而且暗示包过，诱导我购买vip包过班，讲通过率百分之九十以上，实际后来通过了解才知道根本没有什过，都是骗人的噱头，虚假宣传诱导我购买他们的课程，我说我没钱还诱导我办理分期，一开始以为是他们自己的平台的分期，后来才知道给我办理了网贷。班主任也形同虚设，除了群发感受不到她的存在，除了一堆视频，没有任何服务，我花这么多钱是来享受服务的，结果服务没有，只有一堆看不懂的视频，因为对他们态度不满意提出来退款，他们的工作人员说过了24小时不给退款，要我满足一些苛刻的条件才给我反馈退学的申请，售前售后态度大转变，到现在没有一个人主动联系我处理问题，无奈求贵平台帮助，希望能帮帮我，可以扣除违约金，把剩余的钱退还给我就好，麻烦了
从化区委书记,10030714,恒企教育培训公司讲课不好，诱导消费，霸款王条,教育,投诉,2021-05-12,14:24,领导您好，我在2020年6月份报的，我投诉广州市从化区求学圆梦自考培训中心有限公司存在霸王条款。他们课讲的不好，完全就是照着书念问老师问题的时候跟参考答案一致，我问老师就是因为不理解，想让老师解释一下。但老师只是把答案换了一种说法还是参考答案那个意思。我从机构外卖的课程感觉比他们讲的好，这种差异比较明显，还有就是松果网校电脑版师资介绍那一块对老师资历介绍较少，他们自己研发的电子书还没有专利啥的。我找他们要，他们总是回避这个问题，跟国家教材不一样没有考试大纲，还没有纸质书有点怀疑是否正规。还有最开始说的是教育分期，可是我慢慢发现这分明是贷款，我问他们这是贷款嘛，销售说这是教育分期，当我无力偿还贷款的时候，他们诱导我使用花呗借呗。退费的时候总是拿霸王条款说话。想提升学历的消费者如果对课程感到不满意得满意的解决措施。还有就是我报名的明明是上海恒企教育培训有限公司南京新街口分公司，当我听课的时侯老师说在是广州讲的课，销售说南京分公司只是招生的，我已经被搞晕了，讲课的机构是广州市从化区求学圆梦自考培训中心有限公司。
从化区委书记,9992537,小区楼下开清吧，是否有资质,企业,投诉,2021-05-05,11:23,领导，你好。我是的青春小区的住户，我们小区楼下开了个名叫赫兹Hertz的清吧，这家清吧营业时间一般都是晚上6点半后到凌晨通宵，白天基本不开门要等到晚上才营业，晚上音乐基本吵到凌晨3-4点开业很久了，开业以来一直饱受折磨，里面空间很大至少要占200平以上不知道是否办理消防证，开业到现在晚上都开到很晚，周末更是不得了，大半夜还很吵，扰民，不顾周围居民老百姓生活，各种打架吵架声音。我们只是一个平民老百姓上班族，住这附近睡不好觉。工作没有状态睡眠不足，朋友有时候来我家过夜住都说吵到不得了，因受困扰解决不了这个问题睡眠得不到足够的休息，经常因为这个问题上班迟到，被迫已经离职，敢问各位领导在居民区开清吧吵吵闹闹谁受得了，前几天停过几天后面又重新开业无改变，不知各部门是如何处理得还是草草了事应付一下，我们全平民老百姓无处投诉投，诉无门只投诉到这边，之前也投诉过110，环保，后面也是都石沉大海，请问能不能让各部门采取措施查一下是具有否有资质开设清吧。可否让消防局，工商局查一下里面也不知道有没有办理消防合格证 和做过隔音设置，如果发生火灾我们楼上住户也会受到影响，请领导帮帮我们，希望各位领导能帮忙解决这个问题，自从楼下酒吧开业以来一直困着我们楼上住户。地址于从化区江浦街道环市东路青春名城宏雅园207号
从化区委书记,9982145,求学圆梦自考培训中心的恒企教育虚假宣传诱导贷,教育,投诉,2021-05-04,17:20,领导你好，我在今年3月3日在网上看到该机构的学历提升广告，广告宣称名师一对一服务，每天仅需拿出一点个人时间就能行，而且暗示包过，诱导我购买vp包过班，讲通过率百分之九十以上，实际后来通过了解才知道根本没有什么包过，都是骗人的噱头，虚假宣传诱导我购买他们的课程，我说我没钱还诱导我办理分期网贷，班主任也形同虚设，没有任何的服务，我想要退学退费还要我满足一些苛刻的条件，无奈求得贵平台帮助，希望能帮帮我
从化区委书记,9950992,建议广从快速路取消从化辖区三个红绿灯。,交通,建言,2021-04-29,15:25,广从快速路竹料至街北高速路口段已通行一年多，极大地方便了通勤车辆通行，但是从化辖区三个红绿灯（夏湾拿，逸泉和白田岗）严重影响了快速路的通行体验，严重违背了快速路的设计初衷，建议进一步优化设计。竹料到夏湾拿都可以做到一个红绿灯也没有，为什么到了从化辖区就是做不到？
从化区委书记,9946750,山水诚品-学区虚假宣传希望能退房并补偿损失,城建,求助,2021-04-29,14:28,我是广州市从化区江埔街道天鹰君苑的业主，购买了广州振超房地产开发有限公司的商品房。1.2018年在网络上得知'山水诚品'基本信息: 包括价格、地理位置和公共配套。于18号我与老婆去'山水诚品'营销中心，楼盘车道和大厅内有各种宣传资料。销售人员先拿出宣传单，直言：小区配套‘广外实小’，未来可能有购物中心，而且从化中医院已确定从市区搬到附近，物业费是2元/平。一同去A4看过样板间后、我老婆对项目心动了，当时销售说仅精装、无毛坯，于是只好订立'精装房'购买意向合同（装修费按总面积计算，3千/平），当天下午我支付8万团购费【仅3万作为后续购房定金，无返现】。2.于2018年12月30日支付首付，销售经理说会通知我们签订正式购买合同。3.直到2020年8月底才通知我们签订购买合同、办网签，在'山水御苑'的服务中心，签约工作人员说，合同所有内容是按从化区'住建局'的模板订立的。4.2021年3月8号，江浦街执法人员到达'营销中心'，却看不到2楼宣传大字、也未要求物业开门进行调查。当时买房的时候销售说珠光山水诚品有新从化中医院，新妇幼医院规划迁建到本小区斜对面，而且公司计划在小区临墙位置搞B区，到现在为止也没有动工的迹象。当初销售说本小区优享公办广外从化实验小学名校，结果教育局发通知告诉本小区业主广外从化实验小学属于珠光山水花园的配套小学，配建时并没有把天鹰君苑（珠光山水诚品）小区纳入配建范围，我们业主小孩只能去离小区4公里的江埔小学上学，路程遥远，交通不便。当时销售介绍我们共享两个公立幼儿园教育资源，结果一个都没有。 当初销售还跟我们说本小区回引入社区图书馆，共享超级充电桩，共享汽车，还有全龄华园林、商业街、肉菜市场等成熟配套，现在都没有见到影子。这些宣传还在该房地产开发商的公众号上宣传，请求帮忙退房并解除合同赔偿损失。
从化区委书记,9945185,珠光集团欺骗业主学位房,教育,投诉,2021-04-29,10:51,1、要求相关部门处罚开发商，欺骗业主；2、我要求退款及对我们作出赔偿！我是广州市从化区江埔街道天鹰君苑的业主，购买了广州振超房地产开发有限公司的房子。当时买房的时候销售说珠光山水诚品有新从化中医院，新妇幼医院规划迁建到本小区斜对面，到现在为止也没有动工的迹象。当初销售说本小区优享公办广外从化实验小学名校，结果教育局发通知告诉本小区业主广外从化实验小学属于珠光山水花园的配套小学，配建时并没有把天鹰君苑（珠光山水诚品）小区纳入配建范围，我们业主小孩只能去离小区4公里的江埔小学上学，路程遥远，交通不便。当时销售介绍我们共享两个公立幼儿园教育资源，结果一个都没有。 当初销售还跟我们说本小区回引入社区图书馆，共享超级充电桩，共享汽车，还有全龄华园林、商业街、肉菜市场等成熟配套，现在都没有见到影子。这些宣传还在该房地产开发商的公众号上宣传，请求帮忙退房并解除合同赔偿损失。
从化区委书记,9884161,物业乱收费,城建,投诉,2021-04-23,23:49,广州市和信物业服务有限公司乱收费，物业态度嚣张！我是在从化区鳌头镇大氹村棋腰东街雍晟时代公馆购买的房子，广州市和信物业服务有限公司乱收费。1、小区交付半年入住率不到十分之一，我是未装修未入住，缴纳全额物业管理费。2、与该物业未签署任何物业服务合同。3、物业没有书面文件、电话、短信、公告的通知情况下，将小区的绿化、清扫时使用的水费让业主公摊，且私自在业主银行卡内划账。4、物业的一位王经理，三句不来两句就是叫我们找有关部门投诉！
从化区委书记,9886664,建议设立太平街道,政务,建言,2021-04-23,21:45,建议从化区以现太平镇为基础，设立太平街道办事处，具体理由如下：1.太平镇毗邻中新广州知识城和广州白云国际机场航空港，地理位置优越；交流便利，广从快速路和广州地铁14号线穿镇而过，具备发展成为为从化城市新城区的潜力。2.太平镇发展较早，具有一定的城市发展基础，从化经济开发区高技术产业园就位于太平镇内。3.设立太平街道，调整对太平镇的发展定位，实现从传统的工业小城镇到城市新城的定位转变，有利于提升从化区的城市化率和城区发展规模。4.设立太平街道，有利于促进黄埔-从化产业共建合作区的吗快速发展，实现从化黄埔两区的融合发展。    谢谢。
从化区委书记,9876341,物业管理费,城建,投诉,2021-04-23,10:08,我是从化区雍晟时代公馆那里的业主我想问清楚，物业管理费包括哪些？比如公共区域的用水，清洁，绿化！这些不是交物业管理费就已经包含的吗？怎么还要另外收取公摊水费？然后要说消防用水？这个和消防用水要是啥关系？需要我们业主交水费？？？好像都没明确的表明过！而且物业的态度也不是很和善！希望有关部门去查查看，给我们业主一个明确的交代！谢谢！如果真的是有这个规定，我们也会乐意配合！
从化区委书记,9876426,高档小区楼下开清吧,环保,投诉,2021-04-23,10:08,领导，你好。我是的青春小区的住户，我们小区楼下开了个名叫赫兹的清吧，地址从化区江浦街道环市东路青春名城宏雅园207号。里面空间很大晚上开到很晚，周末更不得了，大半夜还很吵，扰民，各种打架吵架声音。我只是一个上班族，住这附近睡不好觉。工作没有状态睡眠不足，朋友有时候来我家过夜住都说吵到不得了，在居民区开清吧吵吵闹闹谁受得了，之前也投诉过110，环保，后面也是都石沉大海，只能投能投诉到您这，请问能不能让工商局采取措施查一下是具有否有资质开设清吧。里面也不知道有没有办理消防营业证 和做过隔音设置，如果发生火灾我们楼上住户也会受到影响，请领导帮帮我们，希望各位领导能帮忙解决这个问题，真的自从楼下的店开业以来一直困着我们楼上住户，望解决
从化区委书记,9876016,商品房小区清洁和绿化用水是否包含物业费内？,城建,咨询,2021-04-23,09:34,想咨询一下业主交了物业管理费还要另外缴费公摊水费吗？(清洁和绿化用水)，我们小区的物管说是所有业主都要公摊，同时也无关入住率。这是否合理？如不合理我们要如何维权？已上传图片为本小区物业管理费部分收费标准。
从化区委书记,9875445,广州市求学圆梦自考培训有限公司坑钱不解决,教育,投诉,2021-04-23,09:26,四月十五号知道并咨询这个机构，当时老师一直以优惠活动让我报名，说什么帮我先占名额，说这个是直播形式，如果没时间还有录播可以看，后来报名了，让我下载什么软件，我当时就看到上面直接就有录播的课程，这不是玩呢吗？但是没太在意，后来又说过两天有老师联系你，带你上课，打电话的时候我在上班没接到电话，后来也没人联系了。现在因为有事要求退款，也问过了，老师也说能退，但是现在对方用合同来顶事，说什么都不退
从化区委书记,9843481,从化神棋公路大型运输车辆超重超速,交通,建言,2021-04-20,09:20,1.自神岗大桥开通后，未设置限重，路段限速位置少。大型运输车辆通过神棋公路超速超重导致公路两旁房屋楼面和窗户明显振动，长期导致房屋结构损坏。
从化区委书记,9831931,联星村太一队美团优选半夜卸货噪音扰民,环保,求助,2021-04-18,16:54,联星村太一队美团优选半夜卸货噪音扰民，已经多次报警和沟通，结果无效，希望领导能解决这个问题
从化区委书记,9795722,我家十几棵荔枝树被勾机挖掉,城建,求助,2021-04-15,09:16,书记您好，鳌头镇龙聚村村民，2020年12月3日，我家种植了20多年的荔枝树被勾机挖了，我妈是有累风湿的一个老人家，望书记您帮帮我协商一下这个事情。谢谢。
从化区委书记,9782440,设立公交线路到黄埔知识城、白云钟落潭,交通,建言,2021-04-14,08:53,1，建议从太平地铁口开通公交线路至黄埔知识城和白云钟落潭。太平处于与白云黄埔交界处，与黄埔知识城，白云钟落潭的人口流动较为频繁，建议沿105国道设公交线路到知识城和钟落潭。虽这两处均有地铁可到达，但沿途的居民远离地铁并不方便。设立线路也加强镇镇互动，发展经济，方便行人。
从化区委书记,9757305,关于设置交通信号灯和礼让行人监控的建议,治安,建言,2021-04-11,13:18,位于广州市从化区江埔街九里步路段的珠光御景山水花园，是一个规划7000户的大型居住小区，目前小区已经形成了较高的入住率，小区内建立了小学，全日制学生1200多人，小区群众出入频繁。该小区门前是105国道，车流量大、车速快，而小区门前现时没有交通信号灯和礼让行人监控，小区群众过马路时存在很大的安全隐患；尤其是小学生自我保护能力普遍不强，故小区门前的安全隐患不容忽视！鉴此情况，建议在该小区门前设置交通信号灯和礼让行人监控系统，约束机动车经过小区门口时慢下来，给小区群众营造安全的居住环境，提升小区群众安全感和幸福感。
从化区委书记,9749591,对吕田镇部分公交线路的建议,交通,建言,2021-04-10,18:25,A：关于从912和从913使用车辆的建议    据悉，从912和913由车牌号为粤A3**39D的公交车行驶，这辆公交车每日早上由街口空放到吕田，在行驶完塘基和鱼洞的路线后在下午4点到5点再空放开回街口充电，而吕田至街口距离有60km，则每日空驶120km之多，而吕田客运站客流大，这样空驶实属浪费，建议学习从601的做法，可以在街口上吕田和吕田回街口的过程中套跑从12路，以充分利用资源。B：对从501路线路的建议   目前从501路距离惠州市界不足1km，而距离地派镇也仅有5km距离，而吕田和地派两镇有互相趁墟的习惯，但就因为这短短5km的路程阻碍了两地居民的出行，建议参照之前从1路和从5路的跨区域延长线，将从501路延伸至地派墟。
从化区委书记,9685179,广从南路路灯没亮灯，双标。,城建,建言,2021-04-02,19:02,广从南路太平地铁站至太平镇镇政府段的路灯已经安装好一年多了，都是一直没有通电，一到晚上乌漆嘛黑的，给过往行人造成很大困扰，每次出门都要打开手电筒，都什么年代了，一条主干道的路灯竟然没有亮路灯，纯属笑话。另外同属广从南路的太平镇镇政府至广州农商行段的路灯已经亮灯，而不属政府办公区的路灯就没亮，这是双标吗？
从化区委书记,9648491,请给我一次考试机会,交通,投诉,2021-03-29,10:49,书记，您好！我预约了3月25日下午2时参加从化科目三考试。下午1点55分到达考试现场，未听到工作人员点到自己的名字，于是一直在现场等待，直到下午近3时，焦急之下，我进入考场前台询问，王警官以迟到为由拒绝我参加考试。近年来，政府一直强调给群众办实事，方便群众办事，从化车考的工作人员不贴近政策，不暖心，不人性化在广州其他考场，迟到的学员在当天考试结束前都可以参加考试。
从化区委书记,9627796,垃圾分类点建设不合理,城建,投诉,2021-03-28,02:02,位于从化区街口街建云东路三巷3-6幢之间的垃圾分类站建设在3幢和6幢两幢楼的楼梯门口处，很不合，去年反映及投诉，才与我小区业主商议，说因为年底正遇垃圾分类大检查，要我们配合他们等过了检查后于并21年初迁移本垃圾分类，但至今无人处理，打12345和12319电话忽悠一会说要等15个工作日，一会说要等20个工作日处理。但至今仍未收到相关部门的回复！请为市民作主，本来垃圾分类是好事，但建设在业主楼梯口就不合常理了。
从化区委书记,9486957,关于街口街社区卫生服务中心不开设饭堂,医疗,求助,2021-03-12,10:47,街口街社区卫生院设有住院部，因此家属在街口街社区卫生院住院期间因为没有饭堂导致诸多问题：1、如果病人自己去买饭，门口就是马路，很多汽车，电动车，人流也比较多，增加被撞风险；2、如果买外卖，现在还是疫情期间，应该尽量减少外来人员进入，就算是病人下楼去拿，外卖对于病人来说营养价值也不大；3、家属送餐，现在的人都要上班，根本没有空余时间煮饭和送饭。综合以上，希望街口街卫生服务中心本人方便病人，也方便卫生院的工作人员，理应开设饭堂，希望有关部门能够协商一个市民最满意的答复，谢谢。
从化区委书记,9487203,关于江埔街九里步至南方医科大学附属第五通问题,交通,建言,2021-03-11,11:23,随着九里步的建设，现在越来越多的楼盘已经入住，山水御苑、山水城、南洋学校、逸泉锦翠，逸泉映翠，山水诚品，流溪新岸花园，入住的人是越来越多，要去医院的人也自然会更多，然而现在九里步的公交车基本都是去从化客运站的，连去东风地铁站的车都极少，更别说去从化最好的南方医科大学附属第五医院，因此希望从化的交通部门能规划九里步为总站，途经迎宾大桥-河滨北路-西宁东路-西宁中路-西宁西路-新城中路-旺城大道-南方医科大学附属第五医院总站，谢谢
从化区委书记,9460464,关于在珠光御景山水城花园建篮球场等健身设施,文娱,建言,2021-03-09,22:23,全民健身关乎人民幸福、民族未来。新中国成立以来，虽然我国全民健身和体育事业取得重大进步，但与发达国家相比，城镇配套的体育场馆、锻炼场所、设施以及方便性等方面存在不少差距。其实，提高全民健身参与度、提高全民身体素质、甚至提高一些竞技体育项目的大众普及率和群众基础，不一定非要投入巨资，可在城市规划、城镇小区规划建设中，充分考虑全民健身这一刚需，把在城市街区、住宅小区嵌入经济实用的篮球场、网球场、羽毛球场、小型足球场等露天体育场所建设纳入十四五相关规划中，使人民群众尤其是儿童和青少年在业余时间能很方便地参与到这些体育喜闻乐见的体育活动中来，同时可以极大地丰富城镇街区和住宅小区的文化体育和精神生活，增强社区活力，提高人民的幸福指数。看到过旁边的逸泉映翠小区里建有一个由铁丝网封闭起来的篮球场，占地很小，但却成了小区里业主及儿童课余时间玩耍的热土。连最近的逸泉锦翠也建了一个篮球场，相信在这样的环境中长大的孩子身心一定更健康、阳光。而相反，山水城花园将近8000户，业主及物业工作人员几万人，却没有一个篮球场可以健身锻炼。个人建议，建设篮球场比现在的绿化，篮球场会给业主带来更大的身心健康，建议可以设置扫码开灯，晚上21点50分自动关灯，希望有关部门能帮忙实现小区几万的需求，感谢
从化区委书记,9451260,农田被填埋,三农,求助,2021-03-09,11:23,本人在鳌头镇石咀村，石咀地块有土地承包6分田（有国家发的承包证），现有施工队（据说是广连高速的施工队，用做加工厂）未经本人同意把我的农田填埋，半年以来多次走访咨询生产社，村委，镇政府多个职能部门均无结果。年前失业，目前待业状态，有意在家务农，发展农业，目前诉求是希望能拿回属于自家的一亩三分地，用来养活我一家老小（一家十口人，全部在家，日子难熬）
从化区委书记,9374837,关于江埔街105国道路灯长期不亮的问题,交通,投诉,2021-03-03,15:33,江埔街南洋学校门口红绿灯那里，至珠光山水御苑那一段路的路灯已经很久不亮了，现在学校开学了，加上广外实验小学下班后也后很多小孩过马路，路灯不亮对路过行人太危险了，希望有关部门能尽快解决，方便周边的市民，谢谢。
从化区委书记,9275566,建议在太平开发区建立广场,城建,建言,2021-02-24,09:42,1、建议在太平开发区靠近105国道建设一个面积较大露天广场。2、太平镇作为从化区的南入户大门，建立广场能提升及展示城镇界面和整体形象。3、太平开发区为经济示范区，面积大，工厂多，已入驻许多有名工厂和公司。广场能为工厂的现场招聘提供场所，助力工厂招聘。4、开发区工作人群及周边楼盘增多，居民增加，广场能给广大群众提供聚会娱乐休闲场所，紧急情况，可以成为临时疏散避难所。5、开发区临近地铁口，以广场为载体，发展文化文体产业和商业氛围，拔高太平商业价值，吸引优质的投资者投资太平，发展太平。以上建言，望能采纳为盼。谢谢！
从化区委书记,9221156,关于从10路的意见和建议,交通,建言,2021-02-13,11:38,从10路的开通极大地方便了棋杆、鳌头至长岭一线的居民出行。因长岭没有公交站场，从10路现将终点站设在高平车站：从化往高平方向车辆途经长岭后调头返回高平，高平往从化方向车辆不再途经长岭。在长岭上车的乘客无需测温、付费，抵达高平车站司机交班并换车后才测温、缴费，不利于疫情防控以及票价制度的正确实施。本人1月某日在长岭上车缴费后，在高平车站被要求再次缴费。本人声明已经交费后，司机不仅不就特殊情况进行说明，甚至还作出“你在哪里给的钱，你凭什么说你给钱了，上一辆车的司机让你投币了吗，你投币干什么”这样既不合情也不合理的言论，明知线路的收费标准特殊，却没有一点换位思考的意识，不仅不懂得体谅，还要责怪没有过错的乘客。为了不耽误其他乘客的时间，让车辆准时发车，本人只好向司机妥协，多交车费。在此强烈要求有关部门完善票价制度，给乘客一个公平的乘车环境；加强对从10路司乘人员的教育，提高司乘人员的服务意识和服务素质，以杜绝此类事件的再次发生。另外，长岭站离佛冈县龙山镇龙山客运站只有2公里。若与佛冈县方面协调将从10路延伸至龙山客运站，则可在几乎不增加运行成本的情况下既大大方便沿途群众的短途出行，又一并解决没有站场停车困难的问题。即使因各种原因不能全面实施此方案，也可考虑仿照从1路长线、从5路长线的模式，定时开行从10路长线（从化客运站至龙山客运站），满足西北片区群众前往佛冈县龙山镇的临近出行需求。以上是关于从10路的1点意见，1点建议。祝领导身体健康，工作顺利。
从化区委书记,9221413,建议太平地铁口东侧南边增设楼梯,交通,建言,2021-02-13,11:38,各位领导：        目前华软学院的学生及其南边通行人员从太平地铁站B出口出来时：1、需穿越通往时代印象的车道，且该车道有斜坡，安全方面有较大风险。2、因为没有南向楼梯，只能从北向的B出口出来，增加通行距离100米。强烈建议：南向华软学院侧增加楼梯通往地铁口。能够解决上述两个问题。可行性分析：1、从目前来看虽然位置较窄，但设置宽度约1.2米的楼梯还是绰绰有余，且成本不高。2、目前华软约1.4万名学生，按每走一次增加100计算，平均每年走100次（即约一周坐一次地铁），每100米步行时间1.2分钟。则每年增加140*1.2=168万分钟。折合约155.56个月标准工时，按广州月平均工资8000元计算，每年为此损失社会效益124.45万元。如果考虑南向居民、办公、经商人员，损失将更大。设置该楼梯的费用与年社会效益损失而言，微不足道。恳请加快解决！
从化区委书记,9220948,太平镇镇内线路实际发车时间与站牌信息不符,交通,投诉,2021-02-12,16:15,太平镇内公交从803、从804、从806等若干线路实际发车时间与站牌信息严重不符，现有站牌信息对群众出行存在较大误导性。希望有关部门尽快掌握各线路实际发班时间，及时更正站牌信息并在网上公开发车时刻表。
从化区委书记,9216234,长远规划莱茵幼儿园的门前交通,交通,建言,2021-02-10,17:54,尊敬的区领导，您好！莱茵幼儿园门前的交通十分堪忧，特别是正常上学放学时间，全部车都拥挤在莱茵水岸小区门口（一车道），图片为没放寒假时拍照，基本正常上学的每一天都是这样车水马龙，往往有些家长直接停放在车道上，来者前进不了，出去的走不了，喇叭声响彻苍穹。为从化更好地发展，为莱茵幼儿园的小朋友及时接送，为莱茵水岸小区广大群众的出行方便，新的一年，是否要充分考虑交通道路的规划。您看，第一，扩宽莱茵小区的车道（隔壁有土地）；第二，幼儿园门前的一大片花园利用好：第三，隔壁工地的另一条路及时打通，形成微循环，进出不要同一个方向。以上三个意见仅仅是底层群众的小建议，相信区领导能更好地整治处理。感谢！
从化区委书记,9163817,关于引进、建设高校的建议,教育,建言,2021-02-04,11:08,尊敬的领导您好！从化区是广州市的后花园、绿色发展核心区，14号线联通广州主城区，交通便利，拥有大量土地储备，是建设高等院校、科研院所的理想之地。目前从化区有9所高校，虽然数量不算少，但是总体上学校层次不高，且较为分散。建议在地铁14号线沿线引进、建设5-10所高等院校、科研院所。具体理由如下：1.虽然从化区经济发展不及其它区，但是从化完全可以在绿色发展上奋发有为。2.地铁14号线沿线，沿线现有大面积空地，可以满足高校、科研院所建设用地需求。3.地铁14号线沿线，交通便利。4.地铁14号线沿线，毗邻广州的母亲河流溪河，不宜大规模建设密集住宅区、工业区，建设低密度、低容积率的高校、科研院所，有利于保护环境。5.引进、建设5-10所高等院校、科研院所可以为从化区吸引优秀人才。
从化区委书记,9111617,网络教学退费,教育,求助,2021-01-28,15:30,我是一名工薪人员，为了提升学历2020年经过网络代理招商机构《上海恒企教育培训有限公司广州分公司》委托《求学圆梦自考培训有限公司》报名网络教学，恒企当时只想报读专科，经过客服的一通诱惑和学费的优惠力度，选择了专本套读，本以为工作稳定晚上不加班大有时间学习，可是天意难为，疫情的影响导致公司破厂工作一度失业，再任职工作都是早出晚归晚上还要加班，孩子也没有时间照料了，导致学习也告一段落没时间学习，只能想到退学，后经过客服和任教老是沟通退学事宜，老师说退都是需要符合退的标准才可以特殊申请退的。退需要符合要求，分客观原因跟主观原因的。主观原因是你个人原因，报名进来都是希望我能拿到证书的，这个个人原因是不予退的。那客观原因就是天灾人祸导致的重大疾病重大意外或者是因为身体不舒服导致的重大疾病，提供三甲医院以上的证明给，她去帮我特殊申请处理（这种情况也是需要扣除对应的费用），经过沟通无果，只能求助领导。
从化区委书记,9013595,从化区向阳南路解困房楼下德仔美食宵夜档嗓音和,环保,求助,2021-01-18,22:44,尊敬的领导：您们好！我是从化区向阳南路解困房的一名普通住户，因之前多次投诉反馈并未真正解决问题，现求助领导。问题为：自2020年初以来，本人及解困房和周边居民，通过12345，政务网，110等多次反馈从化区向阳南路解困房楼下德仔美食宵夜档嗓音和油烟扰民问题，但一直未能有效解决。  尊敬的领导，现在提倡的是文明和谐社会，此宵夜档已严重影响了居民身心健康及上班簇、学生们第二天的上班，上课质量。真希望领导能重视。
从化区委书记,9001712,疫情下的形式主义,教育,投诉,2021-01-18,10:41,尊敬的区委书记:          你好，我想投诉下高校在疫情下的形式主义问题，本人高校自2020暑期结束后就有下令要求学生强制待在校园里的行为规定，并曾发出警告，凡是在校期间私自出去学校的同学，将会受到严厉处分，天河校区已解封，为什么从化的就不行。此外，学校还要求学生每日在校健康打卡，不久前放假后还每天催促学生打卡，有什么意义，大部分的学生有几个会每天填写正确体温，学校尽管清楚这一问题，还每天要求。这些行为我都能理解，可学校能否认真去考虑学生的需要从而去制定相应的制度呢；学校是否是真心为了学生而制定的；还是学生领导因为怕出事后会被追责，从而以最高限制学生的个人自由呢；高校学生本来就已经满足18岁的成人需要，也都有意识的去保护自己的个人健康，学校能否给学生多一点信任呢。最后点名:广东水利电力职业技术学院（从化校区）。希望领导们为我们这些学生群体所带有的疑惑作出解答。
从化区委书记,8915244,从化客运站-派潭客运站,交通,求助,2021-01-05,16:59,尊敬的区政府领导：为什么从化客运站到派潭客运站的公交停运了，恳求区政府能重新开通从化客运站至派潭客运站的公交线路，谢谢。
从化区委书记,8893962,逸泉映翠小区停车不合理收费导致秩序混乱,城建,投诉,2021-01-05,11:01,目前，从化新建设住宅小区基本按照市物价局规定进行收费管理，逸泉映翠小区自收楼五年来物业一直不作为不进行正规管理不收取停车费，未经全体业主同意公共绿地改为停车位，导致社会车辆长时间停放小区占用公共资源带来安全隐患，地面车辆停放过多而地下车场基本空置，给生活在小区的老人孩子带来了极大的安全风险，请予以督促整改。
从化区委书记,8875839,请方便群众出行,交通,建言,2020-12-28,19:56,尊敬的书记，自从今年建好了从化快速路以来，使到交通畅顺了好多，各车站路口还建了行人天桥，大大方便了群众上落。但在车站设置上还存在一些不足之处，例如在神岗村的从5车站设置，车站离天桥有200佰多米，使到好多下车过马路的群众为求方便宁愿横穿铁丝网而过马路都不愿过天桥，本来政府建天桥是为了方便群众过马路而设，但由于设置不合理，人们宁愿冒着生命危险而横穿马路。这个问题其实我上次也反映过一次，但交通局的人答复讲，天桥那边不是港湾式车站，所以不能往上移。其实我也留意过，从太平坐车到街口，好多车站都是设在天桥边或路口上，但唯独神岗村站设在远离天桥200多米外，讲到港湾式车站，为何有些地方不是港湾式又可以设呢？好似沙贝村车站，为何又可以设呢？
从化区委书记,8855112,太平地铁B出口往华软大学的人行道狭窄,城建,建言,2020-12-27,10:44,1.大平地铁口B出口往华软学校的人行道狭窄。临近地铁口，人行道划出停放电动车，自行车的位置，导致人行通过的位置狭窄，行人通行不便。华软学生、工业区就业人员众多，都是依靠地铁B出口这边通行，人行道又停放电动车，自行车等占用人行通道，通行不畅。而此人行道旁有空地并未完全铺设，希望将未铺设的空地铺设好，扩大人行通道。谢谢！2.地铁口处有一个交通灯竿正处于人行通道中间，一边又停放了自行车，通行位置狭窄，通行极大不便，望此交通灯竿能移到一边，以不妨碍行人通行为妥。谢谢！
从化区委书记,8803219,投诉新境界豪庭物业,城建,投诉,2020-12-18,21:37,不让外卖上门，发广告传单的就门口有，车挡风也有。快递不让放楼下，每次需要走很远到另一条路付钱拿快递，跟物业沟通安装丰巢快递，一味推诿，态度差。停车场一个保安都没有，号牌识别系统出错不能进车场，按24小时值班铃根本没人接。车场不对外外放，没有保安引导，不清楚的外来车辆经常造成车场入门堵塞。多次跟物业沟通，一直在推诿，态度也差。
从化区委书记,8787441,恶意拖欠工资,就业,求助,2020-12-17,17:45,武汉中艺建筑工程有限公司恶意拖欠农民工2020年7月份至9月份工资共计15万左右，去过当地劳动监察大队投诉过还是未能得到明确答复。
从化区委书记,8775809,求学圆梦自考培训中心的恒企教育虚假宣传诱导贷,教育,投诉,2020-12-15,09:57,你好，帮忙投诉下广州市从化区求学圆梦自考培训中心有限公司，本人在今年三月无意间在网上看到该机构的学历提升广告，广告宣称名师一对一服务，每天仅需拿出一点个人时间就能行，而且暗示包过，诱导我购买vp包过班，讲通过率百分之九十以上，实际后来通过了解才知道根本没有什么包过，都是骗人的噱头，虚假宣传诱导我购买他们的课程，我说我没钱还诱导我办理分期，一开始以为是他们自己平台的分期，后来才知道给我办理了网贷为了赚钱无下限，班主任也形同虚设，除了群发几条消息几乎感受不到她的存在，除了一堆视频，没有任何的服务，我花这么多钱就是来看视频的么，我是来享受服务的，结果服务没有，只有一堆看不懂的视频，因为对他们服务极其不满意提出来退款，他们的工作人员互相推诿，都说不负责，还要我满足一些苛刻的条件才给我反馈退学的申请，售前售后服务态度大转变，到现在为止没有一个人主动联系我处理问题，无奈求得贵平台帮助，希望能帮帮我，可以扣除违约金，把剩余的退给我就好
从化区委书记,8747129,小区垃圾站建设不合理,环保,求助,2020-12-10,08:13,领导，规划也有不合理的时候，我们这么多人反馈，说明已经影响到我们生活，我住3楼，明显闻到臭味。垃圾站建立是便民利民，可已经扰民了。能重新规划找个合适的地方吗？我们不是不支持，而是要求换个合理的地方
从化区委书记,8706226,开发商与物业隐瞒业主建立公厕和垃圾堆放站,城建,投诉,2020-12-03,09:06,尊敬的领导，您好！  江埔街道环市东路188号时代幸汇开发商以及物管在未经4栋业主同意情况下，私自在4栋住宅楼下建公厕，垃圾站，卫生条件差，安全隐患较大。希望领导能帮忙协调相关职能部门予以调解。
从化区委书记,8702888,还居家一个清新空气,城建,投诉,2020-12-02,14:17,尊敬的领导，您好。垦请重视我反馈的以下内容：我住在江浦街道环市东路188号时代幸汇4幢业主，由于物业中心未有经业主们同意，私密在住宅楼下建公厕，垃圾站，家里臭味难闻。卫生条件威胁小区健康安全。希领导见我们的泝求，能够协调处理与拆除
从化区委书记,8702917,小区内建公厕及误时投放点没公示自建,城建,投诉,2020-12-02,14:17,时代幸汇小区一共六栋楼，现在4栋楼下建了公厕，由于园区较小，平时业主们只能在楼下散散步，公厕影响到园区的整体形象及卫生，违背业主们的诉求，物业公司直指原来的图纸就是这样规划的来回复我们，小区内物业中心己有公厕，为何园区内又多一个，不顾业主的反对，请有关部门帮助我们平民百姓得以恢复之前的美好家园！
从化区委书记,8635123,广州不乏知名高校已解封，本校还未解封。,教育,建言,2020-11-25,09:02,尊敬的领导，您好:                          关于解封广州市高校的问题，我不知道关于这个问题领导是怎么考虑的，说着把好校门关，到了学校门口就是把校门关好，有些领导，老师 ，教职工，出入自如，到了学生这里就是不可以，另外，广东水利电力职业技术学院究竟是要校内饭堂赚钱，还是要还大学生自由，一方面说着为学生们好，之前因为校内饭堂吃饭的人太少，就禁止学生点外卖。一方面老师照常出入，有的老师在广州跟广州其他区都有课，两个校区来回跑，我写这封信，是希望我小小的努力可以引起您的关注。
从化区委书记,8640546,请求尽快恢复14路公交车停靠景业荔都站点,交通,求助,2020-11-23,19:35,尊敬的从化区委书记：你好，请尽快恢复14路公交车停靠景业荔都站点。我们是从化区温泉镇景业荔都小区的居民，以前从14路公交车的途径站点就在景业荔都小区内。9月份时由于宣星路段维修，因此14路车不方便进小区停靠，我们表示理解。但从10月28日开始，14路车便发出公布称宣星路段已维修完毕，该线路将按原线路核定的站点停靠，但14路车却一直没有恢复停靠景业荔都小区的站点，竟然把我们这个站点给取消掉了，现在站台还在小区里，但却没有公交车进来了。我们小区很多居民买房，主要考虑到这小区有公交车停靠，出行比较方便。目前，景业荔都的居民要乘坐公交车，就要徒步至1公里外的宣星村委乘车。而且长期依赖公交车的人群大多数以留守照看家庭的老人及小孩为主，徒步至1公里外的宣星村委乘车给他们带来了困难与不便。同时我们小区公共配套设施也尚未完善，小区内仅有一个小卖部，买菜要去到偏远的龙岗市场，居民的生活离不开公交车，居民乘车很不方便。以前小区入住率不高时14路车能进小区停靠，为什么现在入住率增加了，人流量增加了，14路车反而要把我们这个站点取消了？这是为什么呢？这些问题我们也曾向物业公司反映过，他们说公交车站点停靠的设置是政府规划部门负责的。因此，我们特向你们反映此事，请求尽快恢复14路车停靠在景业荔都小区内设立的公交站点，或者在小区门口设置公交站牌停靠也可。望区委政府及规划部门尽快帮忙解决这个重大的民生问题，还景业荔都全体住户一个幸福美好的生活条件，万分感谢。    此致 ， 敬礼！
从化区委书记,8610127,废气污染严重影响我们的正常生活,环保,投诉,2020-11-21,10:04,太平镇丰盈路云星钱隆天誉小区，周围的工厂排放废气扰民，鸡精味，臭焦味，有时无法形容的恶心气味时不时的冲刺着周围，想能呼吸一口新鲜空气都成问题了，终极一生买了个固定住所没想到是整天吸着废气过日子，请领导体恤民生，让企业整改，还我们一个能有口新鲜空气可以呼吸，更无耻的是深夜排放。
从化区委书记,8600241,海霸王食品厂噪声扰民,环保,投诉,2020-11-17,17:19,尊敬的区委书记:                       您好！      我是时代幸汇的住户，关于海霸王食品厂噪声扰民事件，之前环保的办事人员联系过说海霸王是江浦最大的工厂，噪声问题解决不了，我一直没想明白，就是鼓风机声音太大，加个保护罩不就解决了吗？怎么就办不了，还请领导明查啊！
从化区委书记,8552620,太平经济开发区云星钱隆天誉小区周围臭气扰民,环保,投诉,2020-11-07,23:39,你好，我住在从化区太平镇经济开发区云星钱隆天誉，11月3日开始我断断续续闻到小区北边吹来的风夹杂着一股难闻的味道，味道像塑胶味又像油漆味，在连续闻了几天后我向开发区环保反应，他们只是敷衍的回复知道了，后续一直未有改善，臭味继续一天天的存在，一天都有断断续续吹过来，严重影响了生产生活，我希望环保部门能尽快调查解决臭味，我猜测臭味产生就在小区附近，因为除了北边的风有浓烈的味道，其他地方不太闻的到。
从化区委书记,8528692,白田岗新安装交通灯迟迟未开通使用,交通,建言,2020-11-05,16:39,尊敬的领导：  您好！  由于白田岗路口处的红绿灯迄今为止尚未开通使用，而白田岗路口的车流量增大，导致如今上下班时间，以及旅游旺季，白田岗路口经常出现拥堵。同时，大量车辆高速通过该路口，也对行人以及非机动车横过马路造成了极大的威胁。因此，恳请领导敦促有关方尽快开通使用该处的红绿灯。十分感谢！
从化区委书记,8418713,民宿ktv,环保,投诉,2020-10-16,06:44,隔壁的房屋改成民宿并安装了音响系统，安装了音响设备后又没有做相应的半隔音工程，造成唱歌的声音直接通过墙壁传递到我的客厅.房间.小孩的房间，。而且声音还特别大，根本没有人管理这个噪音。音响的开始是9:00-22:30。希望各位领导能还给我们一个安静舒适的环境，
从化区委书记,8401158,挂羊头卖狗肉，居民区可以经营酒吧？,企业,投诉,2020-10-14,14:33,领导，您好。我是位于广州市从化区江埔街道商贸城南区的一个小市民。这里有一间名叫“布加迪主题音乐吧”的店铺，打着音乐餐吧的名号从事酒吧经营，因为这里地处城建学院附近，学校开学时间内每天晚上都乌烟瘴气，店铺主人不顾周围老百姓，每天晚上音乐声吵闹声直到凌晨三四点。完全无法入睡。家里小女儿因为这个原因不得不回老家避难，大人们每天上班也因为得不到充分休息而导致第二天无法正常上班。请问是不是居民区内可以从事酒吧经营？曾多次致电110，环保局但是还是没法处理。而工商局是不是不考虑情况可以随便批准经营，或者是无证经营？请领导们可以帮帮我们，还我们一个安静的晚上。 图片和视频为该店晚上12点和凌晨3点半的情况。
从化区委书记,8386382,鳌头镇白石村对外嫁女不承认集体经济成员身份认,政务,求助,2020-10-09,08:54,请问领导，本人从出生到现在户口一直在鳌头镇白石村户口一直没外迁过，本人2015年结婚，老公是海珠区居民，本人也没有在男方享受到福利，男方根本就没有福利，为何上次留言让我取男方拿福利？？希望政府出面协调
从化区委书记,8366250,道路照明咨询,城建,咨询,2020-10-03,10:28,1，广从南路(太平镇以及开发区段)的道路照明有没有启用时间，最近几个月路灯已经安装完成，一直没点亮，请问有没有启用时间，走夜路太黑了。2，附近的唯一的公园北回归线公园，晚上黑灯瞎火的，能开灯吗？我看门口写着开灯到20点，但是经常不见开灯。如果是到八点，可以延后吗，谢谢
从化区委书记,8352307,关于从化区江浦街海霸王食品厂噪声扰民问题,环保,投诉,2020-10-01,16:33,尊敬的区领导，我是时代幸会的住户，我们旁边的食品厂鼓风机没有加防护栏，导致声音太大 ，家里人都忍受不了，也打过环保电话沟通，也未解决 ，望领导明查，谢谢！
从化区委书记,8314236,上雅君庭迟迟不交楼，隐瞒烂尾历史销售,城建,求助,2020-09-24,07:59,尊敬的领导您好！本人在19年4月在从化区太平镇在上雅君庭购买一套房子可谓是举毕生心血和全家人积蓄，但是至今上雅君庭迟迟不交楼，应2019年12月31号交楼。1.在购置房子时候，该楼盘已经有过烂尾历史，但是却没有向我提及，交完定（订）金后上网才发现该楼盘已在16年烂尾，这属于隐瞒销售吗？2.为有关部门不在销售中心张贴告知该楼盘的具体情况，存在如此多问题的楼盘为何还依旧允许其售房呢？3.无论在延迟交楼还是迟迟不交楼，开发商一直无任何明确说法。4.售房过程中利用折扣暗中收取中介费，并未告知购房者，这是违法行为吗？5.在未通过验收情况下，允许购置房子业主进场装修，这是符合安全？如果装修过程中出现安全问题是属于开发商还是购房者责任呢？这是有关主管部门允许这样做吗？6.有关部门给以答复只是叫我们理解耐心等待，我们只能这样吗？开发商反而没有任何责任吗？
从化区委书记,8264431,户主都不给确认集体经济组织成员身份,三农,求助,2020-09-17,09:04,各位区、镇、村委 领导同志你们好！        本人 龙角村大一队成员。因近期村委对我及家人未能确认集体经济组织成员身份一事，在此向各位领导再申请，请领导们核实通过。一，本人原住民，与丈夫2004年婚后双方户口均在龙角村，婚后小孩也落户本村，有独立户口簿及不动产登记证，本人户主。二，争议焦点在于“外嫁女”身份。为此多方咨询与查阅资料发现根据《广州市从化区农村集体经济组织成员身份界定指导意见》发现，本人情况并不属于“外嫁女”而一直以来由于工作人员的失误导致本人及家人十几年来在经济社权益蒙受巨大损失。(指导意见十一条第一里“到其它农村集体经济组织”本人并不属于。)三，本人以上情况属实，证件齐全，随时接受各位领导核实。请领导们具体指导本人情况需如何办理，去哪里办理，不胜感激！祝好！
从化区委书记,8223798,江浦小学路况,城建,求助,2020-09-07,09:50,今年江浦小学开通了靠近国道的路，但路上小石子较多，容易滑倒，平时送孩子上学时尘土飞扬，下雨又有泥土，诚恳请求铺好水泥路，方便出行，
从化区委书记,8166191,鳌头镇山心村出嫁女不给于确认集体经济组织成员,政务,求助,2020-08-31,13:26,领导，您好！鳌头镇白石村委会决定，不给户口在本村的外嫁女确认农村集体经济组织成员身份。我是白石村人，2014年9月结婚，结婚后户口仍在白石村且从未迁出。现在村里要却不给我确认农村集体经济组织成员身份，实属“重男轻女”歪风陋习，农村集体组织依据《村规民约》，通过民主集中制的投票表决方式，剥夺本村户籍已婚妇女（外嫁女）的集体经济收益的分配资格。而且村委组织村民代表开会只邀请了基本是年老的家长根本没判断了的，其到村委询问情况，村委的直言是政府要求的，而且村里也签名了不给予承认本人农村集体经济组织成员身份，只因为外嫁女。本人人为要遵守有法依法、无法依规、无规依民。老一辈人几乎都是不懂法的，村委的人说一句村民自治有《村规民约》作为挡箭牌，从来不管是否违背法律。村委妇女主任一句话都不出声作为女权保护者更本就没有为人民服务的基本原则。请领导查明是否是区政府要求外嫁女不得集体社员福利。请领导查明。
从化区委书记,8159046,恳请协助批准居家隔离,治安,求助,2020-08-28,11:22,尊敬的书记，您好。8月26日我们从德国经土耳其飞抵白云机场，被送往清远市佛冈苹果公寓隔离点。我们在登机前及抵达广州后均通过了核酸检测，结果为阴性。我们在从化郊区自有房子，目前无人居住，全程不经过人口密集地区，完全符合居家隔离条件。佛冈苹果公寓隔离点的卫生和设备条件无法维持一个1岁的宝宝正常生活：由于房间没有冰箱、空调功能不全（白天室内气温超过30度），宝宝的奶品和食品迅速变质，婴儿用具无法消毒，孩子自入住后呕吐不已，肠胃严重不适，终日终夜哭闹。该隔离点禁止外卖和快递，我们尊重工作组的规定，然而，1岁宝宝的食物和生活用品马上陷入断供。居家隔离的书面申请经由隔离点工作组签名同意，已交呈清远市疾控。我们在与从化防控及居委街道的联系过程中，发现由于经手案例少，工作人员对居家隔离申请与安排的规定尚不熟悉。恳请尊敬的书记指示从化防控及居委街道的相关工作人员，请与清远疾控积极对接，接收清远市疾控转发的居家隔离申请及相关规定，为我们安排居家隔离。宝宝的身体和精神状态令我们作为父母的极其担心，婴儿奶品和食品也将于今明两日内告缺。特此先行感谢书记。有任何我们需要配合之处，敬请知照。
从化区委书记,8094635,鳌头镇山心村出嫁女不给于确认集体经济组织成员,三农,求助,2020-08-19,08:21,领导，您好！鳌头镇山心村委会决定，不给户口在本村的外嫁女确认农村集体经济组织成员身份。我是山心村人，2019年12月刚刚结婚，结婚后户口仍在山心村，且从未迁出。从过去缴纳农村医疗保险到村里修缮祠堂捐款，都有参与，现在村里要却不给我确认农村集体经济组织成员身份，实属“重男轻女”歪风陋习，农村集体组织依据《村规民约》，通过民主集中制的投票表决方式，剥夺本村户籍已婚妇女（外嫁女）的集体经济收益的分配资格。《村规民约》根据《村委会组织法》，经过制定和备案，具有法律约束力，请领导明查！
从化区委书记,7993730,投诉广东江大和风香精香料有限公司扰民,环保,投诉,2020-08-03,19:41,您好，书记，我要投诉广东江大和风香精香料有限公司排放废气严重扰民。本人居住于从化区太平镇开发区云星钱隆天誉小区，周围本身都是工业区，该公司不分昼夜排放的气体有恶臭的鸡精味，令人头晕目眩，向相关环保部门投诉，得到的回应只是，那也得公司肯配合才行啊，请领导帮助我们解决这些居民问题，谢谢！
从化区委书记,7952452,公交站设置不合理,交通,建言,2020-07-27,20:19,主要是从5公交车在神岗村的站，因为在扩建公路时车站离天桥有差不多二百多米的距离，所以造成很多人下车后宁愿横过马路都不愿走行人天桥，很容易造成行人过马路危险这样政府花钱建天桥就成了摆设，所以希望建议把从5公交车站往前天桥方向移，使群众下车后就上天桥过马路，不至于乱横过马路，减少危险，多为人民群众安全着想。
从化区委书记,7919942,关于中山大学南方学院的收费问题,教育,投诉,2020-07-24,14:06,问题：广东从化区中山大学南方学院①收取学生2018至今每学年学分学费、医保费、总学费一年比一年高，远比入学招生收费表上注明的专业学年平均学费要高②本学期因疫情而需要根据教育局颁布的方案退还学生住宿费，但根据学校返校决策，2018年级学生统一返校时间最早也就6月29日开始分批回校，最迟7月26日离校，为期两个月不到的在校时间，学校却收取了两个月半的住宿费请求您为我们学生查清实情，讨回学费，感谢问题：广东从化区中山大学南方学院 ①收取学生2018至今每学年学分学费、医保费、总学费一年比一年高，远比入学招生收费表上注明的专业学年平均学费要高 ②本学期因疫情而需要根据教育局颁布的方案退还学生住宿费，但根据学校返校决策，2018年级学生统一返校时间最早也就6月29日开始分批回校，最迟7月26日离校，为期两个月不到的在校时间，学校却收取了两个月半的住宿费，仅退还了两个月半的住宿费。 图一：2018-2020年各类费用缴费记录 图二：2020-2021年大三要交的医保费 图三：2020年因疫情而退住宿费标准 图四：2020年疫情返校实际时间 图五：2020年学校实际退住宿费所依据的返校离校时间 请求您为我们中大南方的广大学生查问实情，弄清真相，讨回多余的缴费，感谢，辛苦了。
从化区委书记,7864600,良口镇碧水新村自改民宿ktv噪音,治安,投诉,2020-07-13,11:16,碧水新村别墅自改为民宿安装了ktv音响，使用时间为9:00-22:30。因为没有做隔音，客人唱歌的声音直接传到我的屋里影响正常生活不说，还影响小孩的学习，农村地方想通过学习改变人生，但无赖ktv噪音影响了学习。小学生都要9点半睡觉，但音响到十点半才停，影响了小学生的休息，到明天上课又没有精神视频是隔壁客人在唱歌她说很吵，还发我脾气，我就让她戴耳机听自己喜欢的歌
从化区委书记,7810617,街口商贸城北区疑因御景世嘉而把路边树木伐光,城建,投诉,2020-07-05,20:52,不知道书记阁下有没有试过在炎炎夏日走在一条空旷的道路，被猛烈阳光直射那种酷热的感觉。然而在商贸城北区的某一段路原本是绿树成荫，每当夏天走过亦能遮光档晒。但不知道什么原因，这段路的树木被伐光了，可能是因为它们阻挡了御景世嘉别墅的视野，导致现在走过又热又晒，但是我不知道他这种行为是否得到园林局的砍伐证。希望能把我疑虑尽释，并且尽可能在一旁种植回原来的树木。正所谓“前人栽树后人乘凉”，冀能当那位前人。
从化区委书记,7678950,多次投诉联合利华工厂工业废气扰民无果,环保,求助,2020-06-25,22:08,我小区太平钱隆天誉经常受到联合利华（中国）有限公司从化分公司不定时、间断式排放出恶臭难闻的鸡精味滋扰。期间多次拨打12345热线，经环保办委托工作人员现场走访核实确定气味来源于联合利华公司，结果却没要求该企业立刻停工整改，而是应付式的工作回复我们诉求。至今我们仍然每天饱受鸡精味滋扰。我们拨打12345热线求助是为了解决问题，而不是看环保办的工作报告，望地方领导帮助我们老百姓解决问题。
从化区委书记,7680038,从化区太平镇经济开发区联合利化家乐厂废气扰民,环保,求助,2020-06-25,22:08,我们是从化区太平镇经济开发区丰盈路9号钱隆天誉小区的居民，从2018年份搬进小区，一直受周边工厂废气影响，其中受影响最厉害的是联合利化家乐鸡精厂排放的废气鸡精味，期间我们打12345电话诉求，12369环保热线电话诉求，但一直得不到有效的改善，反而有变本加厉的感觉，其中偷排的时间是不定时的，有时是早上七八点，下午是三四点，晚上是九点，有时甚至是凌晨一两点，我们住在这里基本上是不敢开窗透气，就算是刚住进新装修好的房子也不敢贸然开窗。一年多啦，我们过得苦不堪言。今年更惨由于疫情一直呆在家中不出门，老人小孩都不能出去外面，就一家人24小时在家，时不时从外面飘来刺鼻的鸡精味，令小孩哭闹不已总说臭死啦，老人家说闻多啦头晕！！！我们求助太平镇经济开发区环保部门，他们派人出来也说闻到啦，但他们说工厂环保方面合格，沒有办法去处理。我们求助没门的情况下才想到这个方法，希望领导能考虑我们群众的实际困难，让这间厂解决好臭味干扰我们居民生活的情况！！不要让这些臭味围在我们身边，还我们小区居民一个干净无臭味的空气！！！！！
从化区委书记,7710826,关于河里抽沙改变河道致农田被冲毁的报告,三农,求助,2020-06-15,12:59,我家住广东省广州市从化区太平镇高埔村车头庄。最近一个月我们村庄的河流来了抽沙船，每天都在抽沙。由于抽沙改变了河流的流向，目前河水正冲向我家的农田，部分农田的泥土已被冲走。我们担心，时间久了，我们整块农田泥土都会被冲走，到时候我们的损失会很惨重。希望领导重视起来，紧急派人前来调查情况，给我们一个解决的办法。如何保住我们的田地，对于我们农民来说，田地就是我们的命。
从化区委书记,7706204,广州市金马国际旅行社因疫情影响退款不合理,旅游,投诉,2020-06-13,20:48,2020年新年期间在金马国旅报团2020.2.05出发新加坡六天旅行，金额总达11946元。因疫情原因，不能出境，金马的处理方式有两种，退款或者充值金马平台的消费卡，我选择了退款方式。金马以不可抗力因素、新加坡商家的酒店饮食定金等不可退原因，拒绝退全团款。2020.3.31.以三人扣1140元进行计算结算退款，金额是10806元。并没有扣费清单明细说明。2020.6.13发一张财务代退营业款申请表给我签名，在申请表账单小计里现实，在原扣除1140元的基础上，到实际退款相差800元。那就是从11946元减到10806元，再减到10006元。文件并没有更详细的说明，事前也并没有跟我有任何方式的沟通。 在并没有得到我与同伴同意的情况下，直接发文件通知签名，作为一家大旅游公司，这样的处理方式我不太接受，不止时间上拖延没处理，处理的结果是没凭据的，希望旅游部能帮我处理这种不公平待遇，谢谢！
从化区委书记,7675042,污水排放不及时，淹到家里,三农,投诉,2020-06-10,11:44,你好，我家位于广州市从化区城郊街新开村五社茂墩8号，去年，村里在我家门口修建了一个大污水池，但是修建之前没有跟我们商量过或者协商过，如今每逢下雨，污水池的水都排不出去，反而淹到家里来，家里的家具都被淹坏，污水这么脏淹没到家里，让人怎么生活呢？每次跟村委和相关部门反映情况都不了了之，没有下文，也没有人来处理过，家里有老人家有小孩，如果生活在这里，发生了什么意外请问谁负责这个责任呢？
从化区委书记,7680526,太平镇经济开发区联合利华鸡精厂臭味扰民,环保,求助,2020-06-10,10:02,我从今年3月初入住这边后经常受到联合利华从化分公司家乐鸡精厂的臭味干扰，浓烈的臭气时常让整个开发区笼罩在鸡精味中，特别半夜时常被臭醒，我多次向环保部门反映，环保部门总是敷衍回复该公司设备运行正常，符合环保。可是我明明常常闻到到处充斥着鸡精味，味道让人恶心，我不是专业人员我不知道该公司到底环保合不合格，我只想拥有清新的空气。我实在没有办法，所以才在这里留言，环保部门帮不了我们，希望你可以帮帮我们。
从化区委书记,7651662,关于七星路与从章一路，路口修桥事宜,交通,建言,2020-06-08,17:32,尊敬的各位领导，这些年从化的发展日新月异，大家有目共睹的，我也是见证者之一，但就在这高速横行的年代，过马路成了一到难题，七星路口这里有禾仓幼儿园，禾仓小学，小朋友过马路十分危险，行人红绿灯设置非常短，老人家稍微走慢点就过不了，摩托车，电动车，单车，汽车，大货车等等，都呼啸而过，根本不顾及行人安慰，所以建议在这个十字路口修一座桥，不知是否可行，从白云区过来的广从快速路修得非常漂亮，一进入从化市区，就变样了，一切破旧如往昔啊！恳请领导为方便市民出行，着实考虑，万分感谢！
从化区委书记,7525329,从化某小区强行利用业主空地违建污水处理站,城建,投诉,2020-05-21,18:10,:您好！我是从化区神岗巴厘天地的一名业主，目前开发商正在三期13栋绿化地建一个污水处理池，日处理量约500-1000吨污水，2米以内有成千上万的百姓，50米以内有个幼儿园，我们老百姓买个家不容易，不想被开发商就这样毁了我们这些老百姓的家，希望李书记能帮我们解决此问题，重新选址，谢谢#战疫情 抓复产——意见建议与问题线索征集#
从化区委书记,7532567,现在疫情期间可以办婚礼吗？,政务,咨询,2020-05-20,20:27,本来婚期是年初的，现在肚子也大了，婚礼也办不了，就想问问现在可以办婚礼了吗？着急呀！
从化区委书记,7517538,可以解决双职工孩子中午放学后的吃饭问题吗？,教育,求助,2020-05-20,18:21,领导你好，现在学校已经开学了，我们非常高兴，目前因为疫情原因，托管班不能开门，我们也非常理解，这是为了孩子们的安全。      我们因为是双职工，家里没有老人帮忙，现在孩子中午放学后的接送成为了我们最为头疼的问题。家里离学校远，也不能让孩子走回去。       希望各位领导可以帮忙解决一个这个事情，比如可以给没有家长接送的孩子订餐，或者学校可不可以孔一间教室出来，让孩子们可以在教室里读过中午的时间，孩子可以自己带饭，只求能有个地方能安全呆着。非常感谢！
从化区委书记,7525036,居民楼下建污水处理池求重新选址,城建,求助,2020-05-19,17:39,李记:您好！我是从化区神岗巴厘天地的一名业主，目前开发商正在三期13栋绿化地建一个污水处理池，日处理量约500-1000吨污水，2米以内有成千上万的百姓，50米以内有个幼儿园，我们老百姓买个家不容易，不想被开发商就这样毁了我们这些老百姓的家，希望李书记能帮我们解决此问题，重新选址，谢谢#战疫情 抓复产——意见建议与问题线索征集#
从化区委书记,7525252,污水处理厂,环保,求助,2020-05-19,17:39,李记:您好！我是从化区神岗巴厘天地的一名业主，目前开发商正在三期13栋绿化地建一个污水处理池，日处理量约500-1000吨污水，2米以内有成千上万的百姓，50米以内有个幼儿园，我们老百姓买个家不容易，不想被开发商就这样毁了我们这些老百姓的家，希望李书记能帮我们解决此问题，重新选址，谢谢#战疫情 抓复产——意见建议与问题线索征集#
从化区委书记,7452907,对门小学不让进,教育,咨询,2020-05-11,10:59,“时代幸汇”宣传彩页、《认购书》、《收楼通知书》等标注的时代幸汇地址：“江埔街环市东路188号兰馨花园”，《购房合同》标注的时代幸汇地址“江埔街环市东路兰馨花园”；同时纸质、网络宣传的配套禾仓小学以及销售人员口口声声说禾仓小学是小区对口学校。结合从化区教育局近3年中小学招生地段，环市东路(单号至395号，双号至216号)属于禾仓小学招生地段范围，使我们业主十分确信禾仓小学就是小区对口学校。2019年8月份开始，小区陆续收楼，部分业主入住并办理落户手续，但落户地址显示为“江埔街兰馨街1号-6号”，与上述地址并不一致，经咨询从化区教育局工作人员，其反馈小区地段对口小学是江浦小学，而非禾仓小学。当初业主选择高价购买时代幸汇小区，很大原因就是看重一马路之隔的禾仓小学是小区对口学校，而不是近2公里远的江浦小学。上学是按户籍地址，而《认购书》、《收楼通知书》、《购房合同》地址与户籍地址均不一致，对于如此重要事项，贵司在售楼时不仅没有提前告知，反而在宣传彩页、纸质文件、销售人员说明上引导、加深禾仓小学是小区对口学校这一假象。欺骗消费者
从化区委书记,7426750,路名变更小孩入学学位分配问题,教育,求助,2020-05-10,12:32,您好，我们是广州市从化区时代幸汇（兰馨花园）的业主，我们在销售宣传下冲着小区对面的禾仓小学买了房，销售人员也口口声称能入读马路对面的禾仓小学，结果现在入户后小孩想上学，却读不了小区对面的禾仓小学，而是去了三公里开外的江埔小学。今年从化区教育局公布的中小学招生计划中，禾仓小学的招生范围包括环市东路188号（小区原本宣传、合同的地址），但现在入户的地址却变成“兰馨街”，导致孩子无法入读。目前该事件已上了广东卫视引起曝光，现在更是疫情期间，我们业主有以下几点诉求：一是根据就近原则，请从化区教育局将时代幸汇纳入禾仓小学的就读范围，或是请公安局将地址门牌改为“环市东路188号”，满足我们最基本的就近入学需要；二是请从化区市场监管局对开发商虚假宣传、虚假销售、愚弄业主进行调查查处，给广大业主一个回复；三是如无法解决就近入学问题，请政府帮助我们向开发商索要经济赔偿和精神损失。
从化区委书记,7385916,时代幸会学区划分问题,教育,求助,2020-05-09,15:29,尊敬的领导，我是时代幸会业主，之前买房时，销售口口声说是读禾仓小学，现在教育局回复不是，说地址不属于范围，然而之前认购书，合同地址都是环市东路188号，到落户时地址就变了，请领导明查！不胜感谢！
从化区委书记,7385893,广州从化区时代幸汇就读对面禾仑小学诉求,教育,求助,2020-05-09,15:27,本人来自湖南的一名外来务工者，2019年6月份集全家支持及所有积蓄，在位于广州市从化区环市东路时代幸汇买了属于自己的第一套房子，当时开发萱传的就是买房入了户口就可以就读对面禾仑小学，还有政府萱传禾仑村旧房改造以后禾仑小学会升级成区小学等，   但等我们买好入住后小孩准备升学时被告知不在禾仑招生范围， 这属于严重的虚假宣传欺骗消费者，我们两代人辛苦积蓄买的房子给小孩读书的希望破灭，望当地政府了解民情为民解忧，在此拜谢
从化区委书记,7382517,时代幸汇对应学区房诉求,教育,求助,2020-05-04,13:06,本人张春华，于2018年11月购买从化时代幸汇旗下兰馨花园商品商，于2019年8月收楼。收楼确认书和楼盘销售中心公示该楼盘地址均为环市东路188号，而在后期办理入户业务时，发现该楼盘位置仅显示为环市东路兰馨花园，致使我们高价买入的学区房成为开发商的一个文字游戏！在此恳请领导为我们广大业主主持公道！还孩子读书！
从化区委书记,7263440,噪音扰民,环保,投诉,2020-04-20,10:10,家住从化商贸城南区具体地址小海南路15号一横街，楼下有个叫南区的小酒吧，每天晚上从十点开始低音炮就开的很大声！家里都感觉到震动了！每天都开到凌晨三四点才关掉！家里有老人和孕妇每晚都很难入睡啊！打电话报警，辖区的警察叔叔过来处理完后还是开很大声！现在此留言望相关部分帮忙处理一下问题！！！谢谢了
从化区委书记,7251195,街口街蓝田西路违停治理问题,治安,求助,2020-04-18,16:36,我是街口街蓝田西路的住户，每到晚上，就会停满了车在蓝田西路的正中央，严重影响住户的出行，如果遇到火灾，后果更是不堪设想。投诉、报警多次都没用，相关部门只会敷衍了事，投诉一次清理一次，如此反覆。只要增加一个违停的摄像头就可以根治的事情，都说安全责任重于泰山，请书记为我们几百户居民解决难题。
从化区委书记,7134934,建议人性化增设凳子,交通,建言,2020-03-28,12:21,书记好！从化汽车站等候公交车的区域建议增设凳子。今天早上，两个老人家（目测65岁）要坐回去锦一的车，已等了15分钟，咨询工作人员起码半小时一趟车，然后他们四处寻找位置想休息，没有；接着走去客运汽车站的进站口咨询能否进去坐坐休息下，腿酸了，规定不能进被拒绝。我一个年轻人站30分钟也觉得累，就不用说老人家、孕妇、抱婴儿者啦。环顾了公交车等候区，除了工作人员每人一张凳子，完全没有多余的凳子，也没有等候休息区。希望结合实际，人性化增设凳子。
从化区委书记,7104407,细水长流，生活不便，！,城建,咨询,2020-03-23,17:42,因为水小，无水压，对生活造成了极大的影响，！                             家住三楼，也不高，为何水压这么小，？这情况也有两三年了，只有大白天、凌晨或过年的时候，晚上6点过后水压才会正常，平时的水压非常非常小，就好比我写这留言的时候，刚工作完，热啊，肯定想洗个舒服澡，身上的味道您自己想象一下，可是，这水，就那么小，怎么洗澡，？民生建设，不管管吗，？不一定是巡查吗，？干干实事吧，！
从化区委书记,7104445,宵夜档，深夜扰民，！,治安,咨询,2020-03-23,17:42,我楼下宵夜档，天天凌晨扎堆宵夜，喧哗无比，无法休息，与档主沟通无效，食客依然非常吵闹，天天顶着个黑眼圈上班，这道什么感觉吗，？厨房排烟处理差，就跟没处理一样，那味道，酸爽刺激，拱鼻，。我希望区领导的处理结果，1:要么让他把噪音降到标准一下，排烟气味达标，2:要么让他另寻它地经营，！
从化区委书记,7028049,疫情当前被困家中申请购房首付延期还款！,城建,求助,2020-03-10,16:40,从化区委书记:您好！国难当前，我们湖北人身在重灾区，我们唯一能做的就是根据国家的要求，足不出户，已经在家里困了50多天了，到处的路都封了，因为去年1月在从化区荔山雅筑碧桂园定了一套房，如今碰上了疫情不能出门，而且现在广州我们也去不了，在广州那边的店面租金，还有住的地方都要交租金，最主要是我们现在也没有收入，前天广州天河区沙太南路河水西街村委打电话说我们不能回广州，眼看这个月22号就要交合同首付款了，前几天我跟开发商售楼的经理反应了一下情况，想让他们能多给我们两个月的时间，他们没有同意，我是真的没有办法，所以才在这里求租！
从化区委书记,7009410,吕田镇街道大排档夜宵至凌晨三四点噪音扰民,环保,求助,2020-03-06,10:45,书记领导，您好！我是从化区吕田镇广新街一学生。由于现在是特殊时期，全国人民上下齐心协力防治疫情。可现在吕田镇税所旁夜宵档营业直深夜三四点，甚至马路两旁人行道摆满小桌子，这已经算是占道经营了。而且噪音扰民不断，我曾报警求助，可警察也是过去说两句就草草了事！夜宵档继续经营的红红火火，偶尔还有客人酗酒闹事，砸酒瓶翻桌子。严重影响附近居民睡眠健康，影响了我们的学习和工作！希望相关职能部门能够尽快的处理噪音扰民的露天大排档，谢谢！
从化区委书记,6978945,城中村不允许外地人进去,政务,求助,2020-02-29,21:06,从化太平镇许多村，至今仍封村封路，不允许任何外地租客进去，（哪怕不是来自疫区的外地人）哪怕进去了也被赶出来。现在已经二月底了，仍无法回去复工。不知道这样做是合法的吗？
从化区委书记,6939832,您好，关于从化汽车站的几点意见，谢谢,交通,投诉,2020-02-18,17:34,您好，目前已鼓励企业复工复产，但从化的交通跟不上啊。一、从化至增城线路发车时间不合理不人性。我是服务基层一线的工作人员，企业早已复工，这几天查看从化至增城的车辆，要不就是全天停了，要不就是发车时间很乱，就今天（18号）来说，从化发车的就是只有9:15这一趟(请问车站的工作人员上班时间这样吗？），增城回从化的时间11:15和晚上6时，两趟。 二、从化汽车站公众号本末倒置。疫情没发生前，公众号天天都是发广告，哪里吃哪里喝哪里爽，反而从化的路线查询、哪些班次更改从不告知，更可恶的是，疫情爆发，连告知群众如何防护的信息一条不发，多次电话投诉没改变。公众号运营者缺钱？ 三、个别车站人员不专业素质低。昨天（17号）早上7：45进站要求量体温，这是必须的，但绕了个大圈，测温地方连一个人影都看不到。出口站工作人员还使劲让你去测温，在我离开8:12分仍然不见人影。还有就是，工作人员一问三不知，从1公交车哪里上车不清楚，从13公交车发车没，不清楚，回答的是，我们不是二汽的员工。群众会当汽车站是一个整体，不需明白车站内部的架构，工作人员哪怕不是每个事项都熟知，起码要做到引导群众咨询。 这真的很无奈！只想从化变得越来越好，谢谢！
从化区委书记,6912743,宵夜档扰民,治安,投诉,2020-02-09,16:44,家里楼下宵夜档，食客说话大声，厨房声音大声，严重扰民，经营时间甚至达到早上五六点，严重扰民。前两日跟居委和110反应并到场处理，停了一天，今晚就继续营业。我镇政府已经下通知疫情期间饮食类必须暂停营业。
从化区委书记,6884328,口罩已经买不到了 但是要戴口罩才能出门,医疗,求助,2020-01-28,13:54,您好 领导 现从化区各大药店的口罩已经买不到了 不知道是什么原因 可能是囤积物资哄抬物价，我想可否查一下此类药店？ 另外现在其他非药店的地方居然有口罩卖 药店没有 是否可以怀疑一下这些口罩的来路正不正呢
从化区委书记,6883104,建议从化2路公交车增加站点,交通,建言,2020-01-27,16:45,4路公交主要承载去温泉方向乘客，但近两年由于山水城等小区住户大量增加以及地铁开通广州乘客增加，4路公交大多时候在新世纪广场站已载满，而2路公交一般很空，建议2路公交绕道九里步红绿灯，增加江村、江埔社区、南洋学院、山水城等站点，分流江村、南洋学院、山水城方向乘客，让温泉方向乘客更好更快坐上4路公交。
从化区委书记,6828376,驾校无故加收未提前说明的费用,交通,投诉,2020-01-13,10:38,我于2019年12月24日向驾校黄xx教练报名2020年1月3日的科目二考试且交了应缴培训费，教练当时并未说明培训时间只能在考试前两天，我1月1日放假在外地有事无法前去培训，故向教练提出提前一天培训并不延长总培训时长的请求，教练却说提前培训需要加收培训费，我却在这之前并未知道这件事，教练给的理由是全从化都是这么安排的，我不知道是我的事，不交钱就没车练。教练在未提前告知的情况下我认为加收是不合理的，故要求退款，未果事后我在驾校对教练进行了投诉，驾校却说教练加收钱只是开玩笑，是我理解错了。我在中山大学南方校内了解到这位教练在学生当中的口碑极差，加收钱是普遍现象。望能在书记的帮助下得到合理的解释并成功退齐相关款项，谢谢！
从化区委书记,6815568,关于从化御景世嘉侵吞我购房诚意金的投诉,城建,求助,2020-01-09,11:26,尊敬的从化区领导：您好！烦请相关领导在百忙这中协助并解决我所求之事，谢谢！被投诉单位：从化国泰天彤房地产开发有限公司楼盘：御景世嘉地址：广州市从化区江埔街河东南路388号事由：关于从化国泰天彤房地产开发有限公司侵吞我购房诚意金的投诉诉求：退还我购房诚意金2万元事情经过：我于2019年11月16日去御景世嘉看楼，看完样榜房后，交了2万元诚意金，签了认购书，但没有拿到认购书，销售说要付清8万元（抵一口价）的团购费和5万元的购房定金后，认购书生效才能给我。几天后，发现所认购的该单元存在设计缺陷，开始是跟开发商协商换房，后来实在是找不到满意的单元，跟开发商协商退款，销售员微信发给我认购书，让我看里面的条款，说我不买就是违约，定金没得退，让我看看收据是不是写着“定金”，就这样被人套路了！
从化区委书记,6801743,讨欠货款,企业,求助,2020-01-07,08:37,尊敬的广州市区领导好！我是广州市欢信办公设备有限公司负责人，从化区城郊街道拖欠2017年12月到2018年8月办公用品货款合计20873元相关负责人时任城郊街综治办副主任黄X辉一直说快了下个月，就差某领导签名，却总是没有兑现.前几月，相关负责人，我打电话过去都说不认识我了.无奈只有求助区领导为我做主，不胜感激，年关将至，心绪焦急.
